GCS_Lat,GCS_Long,count
40.69586472,-111.8782656,1.0
40.76390716,-111.8939518,1.0
40.60954644,-111.8841722,1.0
40.68205863,-112.0152058,1.0
40.36975183,-111.8490976,1.0
40.59166509,-111.8820934,1.0
41.15443657,-112.0260562,1.0
40.76064662,-111.8910908,1.0
40.62068272,-111.900657,1.0
40.67867364,-111.9484312,1.0
40.72542123,-111.8825501,1.0
40.67470354,-112.005639,1.0
40.60341371,-111.997433,1.0
40.23369257,-111.6517233,1.0
41.51040269,-112.0173661,1.0
40.64909797,-111.8790431,1.0
40.76935132,-111.8710206,1.0
40.67445627,-111.9028027,1.0
41.24843141,-111.9541676,1.0
40.54255376,-112.2983366,1.0
41.18471029,-111.9713148,1.0
40.92151807,-111.8857618,1.0
40.62073673,-111.9024878,2.0
40.73350516,-111.8595252,1.0
40.87116548,-111.8764316,1.0
40.34528686,-111.7035883,1.0
40.69915226,-111.9735382,1.0
40.68318651,-111.8260058,1.0
40.69988272,-111.865246,1.0
40.68933103,-111.9579887,1.0
40.69296954,-111.8882593,1.0
40.75846052,-111.8653313,1.0
40.66424728,-111.9247978,1.0
40.78454758,-111.9168428,1.0
40.27297765,-111.6760494,1.0
40.65279108,-111.9964518,1.0
41.21455261,-111.9706216,1.0
39.34149075,-111.5471191,1.0
40.62225613,-111.8659925,1.0
40.66724197,-112.0056702,2.0
40.68215505,-111.9388814,1.0
41.05620208,-111.958086,1.0
41.22735149,-111.9759093,1.0
40.69663007,-111.9674556,1.0
40.62215407,-111.8659936,1.0
40.72476398,-111.8214196,1.0
40.74978179,-111.8853191,1.0
40.62442933,-111.8604204,1.0
40.63330361,-111.8900177,1.0
40.76499421,-111.8996677,1.0
40.69292951,-111.977076,1.0
40.75861802,-111.9390205,1.0
40.69985851,-111.9036792,1.0
40.70395534,-111.938927,1.0
40.37683834,-111.8063582,1.0
40.76664477,-111.8767829,1.0
40.25410792,-111.673708,1.0
40.26371453,-111.6381652,1.0
41.19781702,-111.9729138,1.0
40.65529759,-111.9578802,1.0
40.38915394,-111.847444,1.0
41.25911771,-111.9640128,1.0
40.22705816,-111.6587121,1.0
40.56995523,-111.8884144,1.0
40.54478945,-111.9577329,1.0
40.43856374,-111.9016059,1.0
40.72541737,-111.8620015,1.0
40.76716958,-111.9032204,1.0
40.67433133,-111.8882899,1.0
40.62405487,-111.9337873,1.0
41.10356164,-112.0151796,1.0
40.6095195,-111.87218,1.0
40.76282984,-111.8796414,1.0
40.67428479,-111.871416,1.0
41.27212234,-111.9693606,1.0
40.68221163,-111.9374622,1.0
40.69434458,-111.9054886,1.0
40.75844725,-111.9334446,1.0
40.67161518,-111.9388637,1.0
40.62402786,-111.9430959,1.0
41.22483255,-111.9703679,1.0
40.15772328,-111.5846947,1.0
40.80565861,-111.9402934,1.0
37.12296949,-113.6237596,1.0
40.69648385,-112.0871388,1.0
40.56597314,-111.8907834,1.0
40.05453951,-111.6733334,1.0
37.17062462,-113.2672581,1.0
37.11616869,-113.5384528,1.0
40.2503839,-111.658609,1.0
40.51336982,-111.9387066,1.0
41.1922982,-112.0258329,1.0
40.28027525,-111.7222675,1.0
41.49599435,-112.015866,1.0
40.66770171,-111.957963,1.0
41.25876154,-111.9696524,1.0
40.51328302,-111.8916556,1.0
41.08892064,-112.0009274,1.0
40.16512083,-111.6106347,1.0
40.75127286,-111.9272644,1.0
40.52683399,-111.8978131,1.0
40.666231,-111.4962821,1.0
41.07473719,-111.9501874,1.0
40.11014817,-111.6547748,1.0
40.37677576,-111.7958851,1.0
40.56316697,-111.9577704,1.0
40.69972324,-111.8539991,1.0
40.28228967,-111.7175803,1.0
40.1694119,-111.6033069,1.0
41.06016612,-111.9685981,1.0
41.16706871,-111.9629557,1.0
41.16172012,-112.0260435,1.0
40.04358805,-111.7338187,1.0
37.12287093,-113.6237574,1.0
40.89964802,-111.8876844,1.0
40.65448156,-111.9037764,1.0
40.54289755,-112.3012466,1.0
40.16535441,-111.6124393,1.0
41.15630979,-112.0361938,1.0
40.69831727,-112.0630838,1.0
40.71623247,-111.8910142,1.0
40.22966521,-111.6517552,1.0
40.61514331,-111.8907032,1.0
37.65237777,-113.0784508,1.0
40.72619492,-111.8996423,1.0
40.74164684,-111.8307166,1.0
38.5838404,-109.5546066,1.0
40.60945581,-112.0027925,1.0
40.65309956,-111.9578724,1.0
39.35213056,-112.5958077,1.0
41.07470188,-111.9732396,1.0
39.68648914,-110.8056376,1.0
40.69657572,-112.0044068,1.0
41.30585672,-111.9651221,1.0
40.62218413,-111.865993,1.0
40.27341597,-111.6845736,1.0
38.96170423,-112.3208788,1.0
41.22495246,-111.9787738,1.0
40.86157306,-111.8880255,1.0
40.70374709,-111.9866444,1.0
41.21778509,-111.9789126,1.0
41.20887683,-111.9707285,1.0
40.68831861,-112.0500943,1.0
37.16496811,-113.6890798,1.0
41.21415948,-111.955156,1.0
40.38154182,-111.8139657,1.0
41.19307827,-112.045718,1.0
40.32609605,-111.7077003,1.0
40.65605959,-111.8884911,1.0
40.66868407,-111.9815091,1.0
40.65304915,-112.024607,1.0
40.6095108,-111.9387386,1.0
40.70390246,-111.972628,1.0
40.54516702,-112.298269,1.0
40.76935191,-111.8766397,1.0
41.07194942,-111.9823076,1.0
40.6672534,-112.0035398,1.0
40.73653667,-114.0322954,1.0
40.70959033,-111.8882552,1.0
40.76498369,-111.888234,1.0
40.76066245,-111.8653347,1.0
41.06624918,-111.9574994,1.0
40.76499962,-111.8943361,1.0
40.52665836,-112.2930999,1.0
41.73895771,-111.8293972,1.0
40.70706937,-111.86185,1.0
40.89401889,-111.9137318,1.0
40.2350839,-111.6482268,1.0
40.51153793,-111.8538088,1.0
40.68700593,-111.8882511,2.0
40.60582792,-111.8907569,1.0
40.22166425,-111.6674466,1.0
40.6612246,-111.9815536,1.0
40.72542632,-111.8653303,1.0
40.72584136,-111.8479966,1.0
40.67430719,-111.8653814,1.0
40.63849814,-112.0053806,1.0
40.69665431,-111.9602359,1.0
40.67485406,-111.9054459,1.0
40.54368805,-111.853443,1.0
40.12725493,-111.6501775,1.0
40.67161137,-112.0056412,1.0
40.76065462,-111.8853686,1.0
40.76499355,-111.8939568,1.0
40.63855109,-111.9716241,1.0
40.60805983,-111.9863923,1.0
40.65309274,-111.967335,1.0
40.60858291,-111.9387374,1.0
40.75954835,-111.8824983,1.0
40.25525717,-111.6619017,1.0
40.50497432,-111.4135129,1.0
40.74163511,-111.8655262,1.0
40.59412381,-111.9387597,1.0
40.28757001,-111.7241451,1.0
40.62218409,-111.8659893,1.0
40.62082883,-111.890566,2.0
40.87131808,-111.8906149,1.0
40.7862493,-111.8956522,1.0
38.57023113,-109.550793,1.0
40.69655821,-112.0248473,2.0
41.10356028,-112.0153344,3.0
40.41330939,-111.7676259,1.0
41.00435082,-111.9108605,1.0
40.55882552,-111.9357553,1.0
40.37076718,-111.7631624,1.0
40.23513043,-111.6692683,1.0
40.65318418,-111.9387945,1.0
41.08264489,-111.9734758,1.0
40.5968896,-111.9291894,1.0
40.66588124,-111.839142,1.0
40.79102664,-111.9322488,1.0
40.68859235,-112.015241,1.0
40.75630861,-111.8882252,1.0
40.66833096,-111.8882753,1.0
40.98347069,-111.9056597,1.0
40.66501226,-111.9388184,1.0
40.61632249,-111.9161596,1.0
40.68592959,-111.938887,1.0
40.65332778,-111.8659209,1.0
40.36115539,-111.7254035,1.0
40.17753681,-111.1742215,1.0
40.61169744,-111.8779647,1.0
41.07101582,-111.977057,1.0
40.69537823,-111.9866267,1.0
41.17990154,-112.0494789,1.0
41.20601182,-111.9707935,2.0
40.25581288,-111.6589001,1.0
40.71630222,-111.9419868,1.0
41.23486072,-111.9729802,1.0
41.19762007,-111.9487617,2.0
40.53729724,-111.8316493,1.0
40.68092167,-111.8540904,1.0
41.52483445,-112.0154725,1.0
40.69982507,-111.8882556,2.0
40.75233027,-111.9390031,1.0
40.6161103,-112.0124466,1.0
41.19458647,-112.0258231,1.0
37.52504381,-112.6642015,1.0
40.7909207,-111.9392029,1.0
41.08507242,-112.023034,1.0
41.08751011,-112.0453402,1.0
41.09934539,-111.9391993,1.0
41.26938325,-111.9694514,1.0
40.37064517,-111.7633097,1.0
41.17623153,-112.0259798,1.0
41.17613033,-112.0612699,1.0
41.15285367,-111.9424062,1.0
40.84180697,-111.910249,1.0
41.2790823,-111.9629314,1.0
40.6385733,-111.9998366,1.0
40.69649024,-112.0630764,1.0
40.68705779,-111.8655179,1.0
40.58107221,-111.8614381,1.0
40.7649957,-111.9040871,1.0
40.91831094,-111.8855359,1.0
41.16167843,-112.0308142,1.0
40.55712801,-112.299662,1.0
40.71266765,-111.8887223,1.0
40.57386444,-111.9278437,1.0
40.69053743,-112.0795212,1.0
41.0928302,-112.0047004,1.0
40.76559832,-111.9082508,1.0
37.11616828,-113.5343521,1.0
40.58773989,-111.9428624,1.0
39.19976968,-110.338538,1.0
41.73879645,-111.8192336,1.0
37.09631929,-113.5865397,1.0
41.04686475,-111.9379199,1.0
40.75136302,-111.8882186,1.0
40.58117152,-111.8633109,1.0
40.76065006,-111.8883067,1.0
40.68956258,-111.9675262,1.0
40.66443731,-111.9057786,1.0
41.23085471,-111.9503279,1.0
41.70282254,-111.8230074,1.0
40.76142544,-111.8882222,1.0
40.75846883,-111.9024296,1.0
40.67506033,-111.8882818,1.0
41.08922443,-112.022948,1.0
40.27357486,-111.7000141,1.0
41.73549473,-111.8509253,1.0
40.70367136,-111.9771068,1.0
41.06017875,-111.9735134,1.0
40.62329351,-111.8830546,1.0
40.69646425,-112.0882629,1.0
40.53523437,-111.9386811,1.0
40.09401302,-111.6056168,1.0
40.98385755,-111.906578,1.0
40.68418194,-111.9388862,1.0
40.52883144,-111.8712464,1.0
40.76934091,-111.9025345,1.0
37.124062,-113.5322057,1.0
37.67420458,-113.0704986,1.0
41.19779212,-111.9710071,1.0
40.60943079,-111.792047,1.0
40.01269868,-111.776967,1.0
40.72590643,-111.9310653,1.0
40.73299261,-111.4987318,1.0
39.97997224,-111.353014,1.0
40.69656086,-112.0163964,1.0
40.21480397,-111.6589695,1.0
40.78235871,-111.908535,1.0
40.5524921,-111.9577127,1.0
40.6998425,-112.0822751,1.0
41.13987801,-112.0548463,1.0
41.20153926,-111.9486633,1.0
41.22073129,-111.9764963,1.0
41.73008098,-111.8350425,1.0
41.50899974,-112.0157551,1.0
37.16468998,-113.6729505,1.0
40.30217198,-109.9803372,1.0
40.62243443,-111.9704625,1.0
40.66733851,-111.8983365,1.0
41.83652358,-111.8326912,1.0
41.1398728,-112.0687847,1.0
40.63772848,-111.8736254,1.0
40.34581795,-111.382561,1.0
40.63455307,-111.8211914,1.0
40.61124146,-111.9059005,1.0
40.7194096,-111.853635,1.0
41.24423983,-111.9783288,1.0
40.73693137,-111.9895369,1.0
41.17185836,-112.0193328,1.0
39.90680745,-111.8230249,1.0
41.19762908,-111.9487618,2.0
37.87009223,-109.1176856,1.0
40.7584688,-111.9053871,1.0
40.72569439,-112.028586,1.0
41.63405438,-111.8552107,1.0
40.6244757,-111.8368014,1.0
40.54984061,-111.9821482,1.0
40.67844783,-111.896794,1.0
41.13985892,-112.02604,1.0
40.64718628,-111.9929187,1.0
37.10818701,-113.5811906,1.0
40.37146996,-111.7169819,1.0
40.6095924,-111.8626053,1.0
40.72178293,-112.0468305,1.0
40.31200336,-111.7197574,1.0
40.71267851,-111.8340759,1.0
40.76280511,-111.8996737,1.0
40.76067236,-111.8681934,1.0
40.02898007,-111.7324296,1.0
37.09665529,-113.5156738,1.0
40.15082557,-111.6466334,1.0
41.72402719,-111.8351925,1.0
40.70025219,-111.992722,1.0
39.60096232,-110.8139411,1.0
40.68206907,-112.0272642,1.0
40.88735669,-111.8723801,1.0
40.72179476,-112.0467842,1.0
40.85539233,-111.8930819,1.0
40.13057869,-111.5788382,1.0
39.98592871,-111.7947637,1.0
40.64957333,-111.8660693,1.0
40.43119397,-111.891507,1.0
40.69662266,-111.9388951,2.0
40.61056709,-112.2944275,1.0
40.63859393,-111.991702,1.0
40.67433746,-111.8798416,1.0
40.65299926,-111.9868977,1.0
40.10843894,-111.6547822,1.0
41.17366122,-112.0494489,1.0
41.67603244,-111.8682951,1.0
40.3030608,-112.0173522,1.0
40.44580988,-109.5491,1.0
40.29723047,-111.7233638,1.0
40.31197107,-111.6649383,1.0
40.31190276,-111.7228868,1.0
40.51622159,-112.3185206,1.0
41.28908662,-111.9690145,1.0
40.24424122,-111.6551399,1.0
40.10978359,-111.6424428,1.0
40.78238235,-111.9167154,1.0
40.75412033,-111.8710582,1.0
40.78474737,-111.9436042,1.0
40.72545462,-111.8882174,1.0
40.76790016,-111.9168312,1.0
40.7421741,-111.8718168,1.0
40.53287533,-111.9335818,1.0
40.64937369,-111.9387766,1.0
40.29452701,-111.7025143,1.0
40.75195028,-111.8939484,1.0
40.61769081,-111.8721685,1.0
41.41597686,-112.0360515,1.0
40.71264137,-111.8827551,1.0
40.60942444,-111.795975,1.0
40.76065081,-111.8858661,1.0
40.69658978,-111.9807705,3.0
40.6495301,-111.66137,1.0
40.69656287,-112.0212729,1.0
41.69303537,-111.8654468,1.0
40.24433858,-111.658621,1.0
40.61786907,-111.8661697,1.0
40.64616009,-111.4960318,1.0
40.27551174,-111.7276392,1.0
40.2969518,-111.669969,1.0
40.68937747,-111.9111853,1.0
40.66765435,-111.9387374,1.0
40.69897371,-111.9389163,1.0
40.74495783,-111.916814,1.0
40.75124929,-111.9389998,1.0
40.55876537,-111.867521,1.0
40.70458087,-112.0960824,1.0
41.08912261,-112.0068968,1.0
40.64139999,-111.9907815,1.0
41.16838341,-111.945157,1.0
40.65307833,-111.9340735,1.0
40.25838398,-110.106302,1.0
40.69977184,-111.8939839,1.0
41.63437117,-111.8187886,1.0
41.27274389,-111.9693578,1.0
40.38304562,-111.7931906,1.0
40.70381958,-112.0202908,1.0
40.7404441,-111.9317178,1.0
40.76064733,-111.8968131,1.0
40.72873384,-111.8882018,1.0
40.71531216,-111.8340315,1.0
40.76500521,-111.8739193,1.0
40.74977528,-111.8910783,1.0
40.68568797,-111.9241738,1.0
40.69978493,-111.8911266,1.0
40.71194202,-111.9675831,1.0
40.530697,-112.304813,1.0
40.90991766,-111.8723688,1.0
40.56228669,-111.9443272,1.0
40.05587192,-111.6754216,1.0
40.25698442,-111.6679928,1.0
40.68706566,-111.8673642,1.0
40.7335066,-111.8767658,1.0
40.7416113,-111.89696,1.0
41.21858813,-111.9726332,1.0
40.67805634,-111.9388594,1.0
41.22488223,-111.9759916,1.0
40.68202849,-112.0468242,1.0
40.66030073,-111.9388233,1.0
41.17614535,-112.0673888,1.0
41.16530771,-112.0260267,1.0
40.6240569,-111.9338214,1.0
40.76147948,-111.8882229,1.0
41.17897701,-111.9650324,1.0
40.69988425,-111.899229,1.0
40.65934039,-111.8882744,2.0
40.35900743,-111.7406428,1.0
41.23110516,-111.9699834,1.0
40.68360594,-111.9865997,1.0
40.24040378,-111.6656198,1.0
41.74287913,-111.8319724,1.0
40.02226229,-111.7388258,1.0
41.17899322,-112.0643935,1.0
41.4867375,-112.0281719,1.0
40.28928458,-111.8773402,1.0
40.24838748,-111.6674079,1.0
41.10352619,-112.0069025,3.0
41.19762007,-111.9487617,2.0
40.86156384,-111.885793,1.0
40.76712775,-111.888227,1.0
40.55915342,-112.3518707,1.0
40.24171664,-111.6549248,1.0
40.35774483,-111.7812742,1.0
41.08915287,-112.0479498,1.0
40.62087387,-111.8905666,1.0
40.69941609,-111.9257472,1.0
40.62088096,-111.9102226,1.0
40.70371381,-112.0913639,1.0
40.64597697,-111.8887476,1.0
40.69200149,-112.082274,1.0
41.22309413,-111.9979924,1.0
40.67970481,-111.9388707,1.0
40.70452272,-112.0308052,1.0
40.72079573,-111.9291371,1.0
40.69941338,-111.9257484,1.0
40.69951791,-111.9521771,1.0
40.69224172,-111.8827598,1.0
41.30179839,-111.9687727,1.0
41.19247401,-112.0258348,1.0
40.70055663,-112.0918095,1.0
41.75745161,-111.8290338,1.0
40.7389049,-111.9014913,1.0
40.75193314,-111.9168197,1.0
40.74978544,-111.876775,1.0
40.62360336,-111.872037,1.0
40.78513992,-111.9804864,1.0
40.53238989,-112.29853,1.0
40.78097104,-111.9808798,1.0
40.76499876,-111.8922916,1.0
41.16171556,-112.0260419,1.0
37.1030237,-113.5684718,1.0
40.74160336,-111.9036376,1.0
40.66728457,-111.9063958,1.0
37.04298388,-112.526321,1.0
40.62071919,-111.8721318,1.0
41.08915783,-112.0011673,1.0
40.58767573,-111.9389444,1.0
40.68207279,-112.0258324,2.0
40.75846868,-111.9025297,1.0
40.76282423,-111.8853654,1.0
40.22162944,-111.6674426,1.0
40.57325147,-111.9577819,1.0
40.24430622,-111.6674149,1.0
40.24302316,-111.6586317,3.0
40.69665551,-111.9546612,1.0
41.14925871,-112.0255665,1.0
40.6994206,-111.9169421,1.0
40.30743,-112.01118,1.0
41.18280853,-111.9490964,1.0
40.62410865,-111.9291782,1.0
40.64337358,-111.9388226,1.0
40.69988915,-111.8655893,1.0
40.6821195,-111.9388217,1.0
40.66724197,-112.0056702,2.0
40.62401873,-111.9101924,1.0
41.74644962,-111.8190866,1.0
40.65794871,-111.5073995,1.0
37.67382748,-113.0668572,1.0
40.71121378,-112.0917941,1.0
40.65896761,-111.8544994,1.0
40.61575796,-111.8268861,1.0
40.68444325,-111.938878,1.0
37.6809126,-113.0618087,1.0
40.62174094,-111.9291998,1.0
40.7531481,-111.9867424,1.0
40.42858401,-111.8946499,1.0
40.75195915,-111.8824919,1.0
40.405652,-111.858227,1.0
40.70390693,-111.9771076,1.0
40.23509472,-111.6586725,1.0
40.74044663,-111.9246826,1.0
40.62402784,-111.9431034,1.0
40.58803137,-111.8670746,1.0
40.6206666,-111.8905756,1.0
40.68974094,-111.8654958,1.0
40.76065291,-111.8785207,1.0
40.88425724,-111.8866815,1.0
40.76557363,-111.9135519,1.0
40.69101941,-111.9388874,1.0
40.23601874,-111.701717,1.0
41.06293336,-111.957606,1.0
40.67263429,-112.01168,1.0
41.07460032,-111.9595727,1.0
40.73635394,-111.8227159,1.0
40.76282346,-111.8939487,1.0
40.67427502,-111.8415937,1.0
40.99953169,-111.8992284,1.0
40.70452487,-112.0325809,1.0
40.70560507,-111.8553172,1.0
40.3500532,-111.5883955,1.0
40.70995063,-111.88826,1.0
38.92119716,-111.9210332,1.0
40.67970186,-111.938928,1.0
40.40634717,-111.8000311,1.0
40.68701646,-111.9111744,3.0
40.7584858,-111.8824976,1.0
41.48715238,-112.0162224,1.0
41.2227184,-111.9675965,1.0
41.22667991,-111.9508401,1.0
40.74979552,-111.8882214,1.0
41.11807366,-112.0390895,1.0
40.49441535,-112.0317368,1.0
40.58790856,-112.0242152,1.0
40.20754764,-111.630446,1.0
40.58809769,-111.8908997,1.0
40.10724573,-111.6217812,1.0
41.06732384,-112.0262505,1.0
41.73522531,-111.8348566,1.0
40.63845188,-111.8891209,1.0
40.6619768,-111.8932711,1.0
41.16172276,-112.0260435,1.0
40.69978809,-111.893049,1.0
40.58816799,-111.8818864,1.0
40.50777463,-111.9768341,1.0
40.66725342,-112.0035367,1.0
40.69649737,-112.0595257,1.0
40.50570778,-111.8533154,1.0
40.59987909,-111.7950361,1.0
40.62403501,-111.9648545,1.0
40.39889824,-111.8446712,1.0
40.72328256,-111.8419554,1.0
40.76499613,-111.9054894,1.0
41.08859417,-111.9939073,1.0
41.08951277,-111.9973025,1.0
40.40423229,-111.9282164,1.0
40.2404248,-111.6744423,1.0
40.6493827,-111.9387767,1.0
40.60851617,-111.9674381,1.0
40.62082883,-111.890566,2.0
40.0284645,-111.7434396,1.0
41.21012246,-111.9646129,1.0
41.24194799,-111.9453689,1.0
40.6893945,-111.9523952,1.0
40.76499184,-111.9082482,1.0
40.71663883,-111.9389868,1.0
40.69658423,-112.0013532,1.0
40.68706593,-111.8768672,1.0
41.71531197,-111.8433382,1.0
40.60948303,-111.9640534,1.0
40.7254425,-111.8796846,1.0
40.65934039,-111.8882744,2.0
40.22177797,-111.6588373,2.0
40.64207956,-111.8659525,1.0
40.43116966,-111.8894947,1.0
37.12142999,-113.5463145,1.0
40.69661484,-111.9866296,1.0
40.69661192,-111.9866296,1.0
40.25058039,-111.6620173,1.0
40.53857453,-111.9103106,1.0
40.63198446,-111.8721329,1.0
40.12374093,-111.6559365,1.0
41.16167639,-112.0464324,1.0
40.72584136,-111.8479963,1.0
37.7123427,-113.0632531,1.0
39.252468,-112.1039582,1.0
40.69706172,-111.9257397,1.0
40.65323062,-111.9869045,1.0
40.56542282,-112.3122207,1.0
40.75196729,-111.8710595,1.0
40.67430411,-111.8655423,1.0
40.32660025,-111.6969779,1.0
41.05604138,-111.9608658,1.0
41.2587075,-111.9696516,1.0
40.71590923,-111.9389766,1.0
40.22177797,-111.6588373,2.0
40.71266984,-111.868312,1.0
40.70301297,-111.9317902,1.0
40.76065506,-111.8758669,1.0
40.64956238,-111.8646124,1.0
41.13386726,-112.0452497,1.0
41.76199216,-111.8288878,1.0
40.60851604,-111.9674381,1.0
40.65609488,-111.88624,1.0
40.68208246,-112.0247439,4.0
40.69973812,-111.8911264,1.0
40.56553973,-111.8532696,1.0
40.65278515,-111.9919097,1.0
40.61064076,-111.910258,1.0
41.17636247,-112.0056757,1.0
40.16124663,-111.6106588,1.0
40.90466861,-111.8789743,1.0
40.53436716,-112.3144114,1.0
40.23368284,-111.6486434,1.0
40.2950063,-111.7051914,1.0
40.68211902,-111.9388809,6.0
41.76134957,-111.8342929,1.0
40.52230067,-111.9512103,1.0
41.17649394,-112.0259794,1.0
40.73912663,-111.8996577,1.0
40.56422562,-112.0005818,1.0
41.26976888,-111.9681611,1.0
40.69659044,-111.9817529,1.0
40.27403084,-111.6951214,1.0
40.55886922,-111.8532577,1.0
40.3722553,-111.7593989,1.0
41.50075959,-112.0144915,1.0
39.71091476,-111.8164691,1.0
40.85473532,-111.8975608,1.0
38.95182477,-111.8547768,1.0
40.5193154,-111.398467,1.0
40.77183468,-111.8345241,1.0
41.49838076,-112.0159799,1.0
40.72543263,-111.8763928,1.0
40.75849135,-111.8853634,1.0
41.74467928,-111.829426,1.0
40.23370021,-111.6551559,1.0
41.2517014,-111.9697962,1.0
41.26660854,-111.9694939,1.0
40.22837941,-111.6495064,1.0
41.73898081,-111.8295654,1.0
41.06018058,-112.0262466,1.0
40.68701646,-111.9111744,3.0
40.56236346,-111.9360006,1.0
40.62073673,-111.9024878,2.0
40.67428317,-111.8612906,1.0
40.58807284,-111.8945247,1.0
40.45295983,-111.7778331,1.0
40.43138563,-111.8913393,1.0
40.62405463,-111.9331465,1.0
40.74979659,-111.8567354,1.0
40.77066824,-111.8397118,1.0
40.75794576,-111.8300605,1.0
40.77154768,-111.8910911,1.0
40.87120025,-111.8765982,1.0
40.88652076,-111.8856483,1.0
40.64629049,-111.4972812,1.0
41.74472823,-111.8366261,1.0
40.60954079,-111.8721803,1.0
41.06207875,-111.967844,1.0
41.73518196,-111.8322308,1.0
40.76780338,-111.9139642,1.0
40.58864686,-111.9387185,1.0
40.7097739,-111.9551456,1.0
40.78019924,-111.9393836,2.0
40.64935591,-111.9431565,1.0
40.7551116,-111.8337392,1.0
40.71926195,-112.1471472,1.0
40.27509171,-111.6853084,2.0
41.25170139,-111.9697928,1.0
41.48656447,-112.0293685,1.0
40.76313222,-111.8710594,1.0
40.74028008,-111.8996586,1.0
40.61290257,-111.9157346,1.0
37.67731955,-113.0634117,1.0
41.06226059,-111.9709098,1.0
40.74160975,-111.8960006,1.0
41.21406615,-111.9706263,1.0
41.49848971,-112.023893,1.0
40.60558298,-111.9387427,1.0
40.3336556,-111.7248043,1.0
41.2059847,-111.970805,1.0
40.28973207,-111.6917795,1.0
40.51016559,-111.8735301,1.0
40.61036984,-111.8328835,1.0
40.51955482,-111.8532549,1.0
41.07271289,-111.9788659,1.0
40.75412861,-111.8882198,1.0
40.02910376,-111.7452845,1.0
40.57168847,-111.8721665,1.0
40.73352632,-111.8882063,1.0
40.33674051,-111.7034962,1.0
40.6287363,-112.02446,1.0
40.29713186,-111.7007144,1.0
40.68107983,-112.2697332,1.0
40.35743823,-111.9588132,1.0
40.38823345,-111.8357309,2.0
40.61073272,-111.8179066,1.0
40.68701928,-111.8001916,1.0
40.5078644,-112.0247192,1.0
40.7497873,-111.8751412,1.0
41.70821407,-111.8177496,1.0
40.67795746,-111.8952265,1.0
40.68865974,-111.9111897,1.0
40.2633597,-111.6560268,1.0
41.08913135,-112.005939,1.0
40.5506109,-111.9591697,1.0
37.10988964,-113.5811682,1.0
40.5203802,-111.9459323,1.0
40.37680531,-111.8007387,1.0
40.32632771,-111.7248509,1.0
40.75411157,-111.920096,1.0
41.22151682,-111.970474,1.0
41.30683783,-112.0184124,1.0
40.7584797,-111.8882185,1.0
40.5963081,-111.881711,1.0
40.6530976,-111.9578689,1.0
40.60513294,-111.9481487,1.0
40.58791468,-112.00517,1.0
40.68672082,-111.9293537,1.0
40.68204996,-111.9675176,1.0
37.57856846,-113.7212306,1.0
40.52881214,-112.2691983,1.0
41.09081568,-112.0645815,1.0
40.50437545,-111.8890356,1.0
40.67420912,-111.8245072,1.0
41.94159563,-111.8137853,1.0
40.68777023,-111.9484514,1.0
37.11288104,-113.5608064,1.0
40.66933391,-111.8252908,1.0
37.10140946,-113.5764381,1.0
40.31304984,-111.6588524,1.0
41.21021011,-111.9707124,1.0
40.6966191,-111.9866296,1.0
40.70368991,-111.5463688,1.0
41.06221045,-111.9679827,1.0
40.63099342,-111.9673426,1.0
40.28242827,-111.6885467,1.0
40.65315606,-112.0246091,1.0
40.67427973,-111.8479724,1.0
40.72979536,-111.8422693,1.0
40.69657329,-112.0057206,2.0
40.62062365,-111.892381,1.0
40.56220129,-111.9863317,1.0
40.65247012,-111.8884014,1.0
41.71561077,-111.8387467,1.0
37.09236463,-113.5570479,1.0
37.57331744,-113.7044689,1.0
40.72290022,-111.8711071,1.0
40.39904042,-111.8302347,1.0
40.60034856,-111.9037796,1.0
40.75195383,-111.8881378,1.0
40.76280414,-111.9053994,1.0
40.25093059,-111.6620092,1.0
40.75725983,-111.8358882,1.0
40.61476622,-111.9797735,1.0
41.5128387,-112.0141485,1.0
40.66751713,-112.043843,1.0
41.17247711,-111.9766447,1.0
40.11117493,-111.6547801,1.0
40.16478958,-110.403059,1.0
41.70972821,-111.8346227,1.0
40.75538303,-111.853887,1.0
40.78019614,-111.9393848,1.0
40.24129842,-111.6465529,1.0
40.69659295,-111.996181,1.0
40.74977497,-111.876775,1.0
40.783059,-111.9807196,1.0
40.71265428,-111.8711595,1.0
41.1471472,-112.0703735,1.0
40.68701719,-111.916772,1.0
40.66279585,-111.501107,1.0
41.71174791,-112.1660516,1.0
40.66435803,-111.8882936,1.0
41.18479563,-111.9872992,1.0
40.33379033,-111.6999894,1.0
40.63098964,-112.2984181,1.0
41.08909149,-112.0178507,1.0
40.74161241,-111.8910025,1.0
40.60951436,-111.9387434,2.0
40.76500266,-111.8882245,1.0
40.62060176,-111.8967446,1.0
37.10985166,-113.5737504,1.0
40.22972607,-111.662245,1.0
40.69953364,-111.9475648,1.0
40.49447897,-112.0319744,1.0
40.54430964,-111.8720055,1.0
40.55522329,-111.9956606,1.0
40.7606526,-111.8538841,1.0
40.62579912,-111.8900739,1.0
37.1223395,-113.6364736,1.0
37.11573639,-113.3993169,1.0
40.69926995,-111.9389119,1.0
40.29750263,-111.6977242,1.0
37.12927215,-113.6238049,1.0
40.703812,-112.0248874,1.0
40.65505385,-111.9884177,1.0
39.58598833,-111.4523101,1.0
40.59119108,-111.9387373,1.0
40.58054475,-111.859481,1.0
40.75296663,-111.8453322,1.0
40.57663716,-111.890828,1.0
40.6470425,-112.0253143,1.0
39.35236427,-112.5770731,1.0
41.26953194,-111.9591751,1.0
40.74548811,-111.8303262,1.0
40.66867374,-111.9090825,1.0
41.69044755,-111.8341572,1.0
40.69941931,-111.9227848,1.0
40.1412187,-111.5787926,1.0
40.68212272,-111.9388797,1.0
40.7580607,-111.8853633,1.0
40.76716992,-111.9025288,1.0
41.20822741,-111.9792247,1.0
40.64361065,-111.9388146,1.0
40.62063153,-111.9028153,1.0
40.69653776,-112.0345651,1.0
40.6605308,-111.9038903,1.0
41.14297676,-112.068914,1.0
37.11223175,-113.5641603,1.0
41.21647113,-111.9705779,1.0
40.24430937,-111.6674126,1.0
41.16558247,-112.1227099,1.0
40.73313107,-111.9387901,1.0
40.68227006,-111.8434574,1.0
40.65280976,-112.0011686,1.0
40.581069,-111.861432,1.0
40.15421478,-111.5855466,1.0
40.59770594,-111.8960158,1.0
40.69665889,-111.9473972,1.0
40.75845121,-111.9270215,1.0
40.54432331,-111.8815805,1.0
40.50313543,-111.852624,1.0
40.68701917,-111.9153875,1.0
40.68482733,-111.554238,1.0
40.77586435,-111.9078628,1.0
39.60102421,-110.7939104,1.0
40.8734744,-111.8774751,1.0
41.15208518,-111.9360102,1.0
40.51950724,-112.0124818,1.0
40.74445592,-111.8996602,1.0
41.63382359,-111.8443762,1.0
40.58061861,-111.8698645,1.0
40.16668227,-111.608802,1.0
40.3877102,-111.8558544,1.0
40.54418011,-111.9809751,1.0
40.36116933,-111.7357515,1.0
37.71249779,-113.0609305,1.0
40.75850727,-111.8438048,1.0
37.11842592,-113.5976284,1.0
40.6894941,-111.7996165,1.0
40.68705007,-111.8598136,1.0
40.59821134,-111.8531314,1.0
37.68447821,-113.0618714,1.0
40.299916,-111.7147873,1.0
40.61092894,-111.9028951,1.0
41.06624027,-111.9575001,1.0
41.09255413,-111.931095,1.0
40.1061095,-111.6349713,1.0
41.25152889,-111.9542884,1.0
37.1111343,-113.5939101,1.0
40.51418292,-111.4113312,1.0
40.6669504,-111.888013,1.0
40.69290871,-111.977076,1.0
40.86159038,-111.8922403,1.0
41.2044767,-112.0302919,1.0
41.22938147,-112.0063441,1.0
40.70413649,-111.8553425,1.0
40.68663735,-111.8997846,1.0
40.68207854,-112.0247426,1.0
40.53973821,-111.8437784,1.0
41.22275434,-111.9704232,1.0
39.98012611,-111.7682624,1.0
40.8936864,-111.8806699,1.0
41.22072594,-111.9760848,1.0
40.60950142,-111.9578017,1.0
41.08874305,-112.0007478,1.0
40.55103374,-112.2980854,1.0
41.08613839,-111.9892447,1.0
37.27133372,-113.386713,1.0
41.19782415,-111.9710015,1.0
40.66453505,-111.9869186,1.0
41.08915462,-112.0441375,1.0
40.7550076,-111.8596016,1.0
41.24453654,-111.9699366,1.0
41.75583584,-112.1483699,1.0
40.65590514,-111.8883218,1.0
41.75022076,-111.8394447,1.0
40.76171898,-111.9270283,1.0
40.72326687,-111.8536533,1.0
40.72541768,-111.865325,1.0
41.01030303,-111.9078495,1.0
40.90658461,-111.878977,1.0
40.70486852,-111.7953977,1.0
40.65654704,-111.9931179,1.0
40.68203894,-111.9516577,1.0
40.22206723,-111.6548805,1.0
40.1301641,-111.5978372,1.0
41.72952153,-111.838733,1.0
40.55666376,-112.2972499,1.0
41.16994005,-111.9766418,1.0
40.76934528,-111.8996742,1.0
39.57374274,-110.8160076,1.0
41.22938157,-112.0063422,1.0
40.65277507,-112.0060815,1.0
40.65158478,-111.9102805,1.0
40.36121975,-111.7406928,1.0
40.86156377,-111.8857776,1.0
40.69678921,-112.0248463,1.0
40.67433131,-111.9139816,1.0
41.75757148,-111.8343863,1.0
41.16156019,-112.0644226,1.0
40.76934612,-111.8996789,1.0
41.23829259,-111.9528216,1.0
40.6546362,-111.9026225,1.0
41.19000786,-111.948874,1.0
40.66832734,-111.9865824,1.0
40.75195531,-111.8808441,1.0
40.72543847,-111.8853918,1.0
37.1765371,-113.2938136,1.0
41.73846877,-111.859534,1.0
40.60955589,-111.8907756,1.0
40.70374627,-112.0973517,1.0
40.69662174,-111.9376076,1.0
40.40527382,-111.5315912,1.0
40.65526306,-111.8552114,1.0
40.72541421,-111.8567321,1.0
40.6864886,-111.9293532,1.0
40.72374683,-111.5422256,1.0
40.7847414,-111.9393794,1.0
40.65248939,-111.8884002,1.0
41.08914976,-111.9968505,1.0
40.69989423,-111.8997298,1.0
41.52483238,-112.0145645,1.0
40.62648626,-111.8548035,1.0
41.22275548,-111.9704231,1.0
40.27362969,-111.7075777,1.0
40.62407108,-111.9340774,1.0
37.11730418,-113.5476632,1.0
41.07500807,-111.9743154,1.0
40.24431442,-111.6586258,1.0
41.10352619,-112.0069025,3.0
37.67382229,-113.0617262,1.0
40.65651741,-111.5065369,1.0
38.06597556,-112.5971538,1.0
40.76400921,-111.9053499,1.0
41.21645398,-111.9705784,1.0
40.69292883,-111.8882592,1.0
40.52507785,-111.9783688,1.0
41.17067631,-111.9803264,1.0
40.70656134,-111.8882583,1.0
41.0958027,-111.9820685,1.0
40.67973395,-111.9368121,1.0
41.07466774,-112.0289343,1.0
40.73970421,-111.9005038,1.0
37.6600882,-113.0819017,1.0
40.51221793,-111.8657373,1.0
40.51605748,-111.8926808,1.0
41.21639337,-111.9789655,1.0
40.11892712,-111.6547058,1.0
41.08905717,-112.0261497,1.0
40.77623974,-111.8720157,1.0
41.21432154,-111.9673461,1.0
41.19985931,-111.9849408,1.0
40.58774636,-111.9578051,1.0
40.64595956,-111.9102337,1.0
40.65845164,-111.5077475,1.0
40.6655407,-111.8648258,1.0
40.7232369,-111.8590676,1.0
40.74166318,-111.8272778,1.0
41.17930755,-111.9551947,1.0
40.74977024,-111.893946,1.0
40.60753206,-112.0148307,1.0
40.56785876,-111.8709226,1.0
40.29605396,-111.6717378,1.0
41.10356069,-112.0153407,1.0
40.7404201,-112.0031864,1.0
40.76283838,-111.8882255,1.0
40.71065533,-111.9609154,1.0
40.76065249,-111.8882249,2.0
40.51123948,-111.8532793,1.0
41.08914301,-111.9974222,1.0
40.76500261,-111.88607,1.0
41.51893915,-112.006212,1.0
40.31200863,-111.7196032,1.0
40.30283436,-111.6974832,1.0
40.73801196,-111.8996569,1.0
40.76065522,-111.8797124,1.0
40.69988884,-111.8627202,1.0
41.73962465,-111.8321173,1.0
40.76955502,-111.86709,1.0
40.23341794,-111.6586838,1.0
40.68257138,-111.8770047,1.0
40.67756334,-111.876982,1.0
40.76500269,-111.8867363,1.0
40.02261292,-111.7483421,1.0
40.90664672,-111.8689221,1.0
40.58787525,-111.9864312,1.0
37.05665769,-113.6032744,1.0
40.66759155,-112.0246721,1.0
40.76717235,-111.8882276,1.0
40.77154932,-111.8968191,1.0
40.311748,-111.7037423,1.0
40.57322397,-111.967356,1.0
41.76118221,-111.828934,1.0
40.68249666,-111.8882507,1.0
37.12356889,-113.5339878,1.0
40.66725383,-111.9908586,1.0
37.04984185,-113.5312042,1.0
40.28291618,-111.6584905,1.0
40.75410567,-111.9247327,1.0
40.43372903,-109.5400361,1.0
40.65307135,-111.9769503,1.0
40.76283263,-111.8710592,1.0
40.70816492,-111.9389375,1.0
40.76064792,-111.8939523,1.0
40.78238149,-111.9139816,1.0
41.22548818,-111.9392498,1.0
40.59381769,-111.8858341,1.0
40.4250771,-111.7734758,1.0
37.11080304,-113.5364297,1.0
40.51418416,-111.4115873,1.0
41.24195773,-111.9453822,1.0
40.39191383,-111.7691876,1.0
40.6850597,-111.8340383,1.0
41.2141474,-111.9706248,1.0
40.33356627,-111.7388616,1.0
37.108136,-113.5823717,1.0
40.29745401,-111.685992,1.0
40.72091808,-111.8372131,1.0
37.04982727,-113.5312042,1.0
41.2365004,-111.9535829,1.0
40.59853963,-111.9577704,1.0
40.69655615,-112.0232742,1.0
38.76524331,-112.0847674,1.0
40.69084081,-111.854051,1.0
40.35318319,-111.7332228,1.0
40.58784912,-111.9767152,1.0
40.66765281,-111.9392723,1.0
41.23121148,-111.9758485,1.0
41.08909148,-112.0178504,1.0
40.63855617,-112.0313917,1.0
40.80009297,-111.9472059,1.0
41.1616784,-112.0308264,1.0
40.59669191,-112.0163289,1.0
41.10353489,-112.0007339,1.0
38.57702511,-109.5612533,1.0
41.20197962,-112.0335296,1.0
40.61308822,-111.8270767,1.0
40.76065919,-111.8538841,1.0
41.73572396,-111.8644279,1.0
40.77585953,-111.9111302,1.0
40.36394839,-111.7334654,1.0
40.5880995,-111.8874091,1.0
40.71884842,-111.8536314,1.0
40.7519738,-111.8710595,1.0
40.71612043,-111.8711402,1.0
40.69999403,-111.9030538,1.0
40.10052756,-111.6674551,1.0
40.26339524,-111.7087497,1.0
40.76600473,-111.8882273,1.0
40.74485227,-111.8882148,1.0
40.7693454,-111.8996742,1.0
40.75848708,-111.8739077,1.0
40.7072185,-111.9861178,1.0
41.25446142,-111.9573737,1.0
40.48536903,-111.8845062,1.0
40.60954072,-111.8721835,1.0
40.77056454,-111.8730868,1.0
40.76285908,-111.9025498,1.0
40.73983769,-111.8996584,1.0
40.73350661,-111.8767728,1.0
40.75193323,-111.9166816,1.0
40.76064312,-111.8996682,1.0
40.50269794,-111.967193,1.0
40.69665797,-111.9470401,1.0
40.55885418,-111.8809452,1.0
41.11806294,-112.0260173,1.0
40.8880467,-111.8963943,1.0
40.53145048,-112.2985445,1.0
40.24430813,-111.6674171,1.0
40.69662596,-111.9770828,1.0
41.06011879,-111.9609556,1.0
40.60949788,-111.9772318,1.0
40.64894041,-111.986923,1.0
41.75434959,-111.8344418,1.0
40.61135721,-112.0452895,1.0
40.3880626,-111.8427542,1.0
40.8612938,-111.9012727,1.0
40.52696119,-111.8708334,1.0
40.67433485,-111.8882863,1.0
40.3642561,-111.9764574,1.0
40.67703483,-111.9336309,1.0
40.64555491,-111.9630846,1.0
40.69463485,-111.9770792,1.0
40.76457323,-111.9041057,1.0
40.17078903,-111.6032871,1.0
40.66761312,-111.95664,1.0
40.48624902,-112.0099315,1.0
40.31773689,-111.7040216,1.0
40.76064433,-111.9053958,1.0
40.6743154,-111.883264,1.0
40.02759553,-111.7399649,1.0
40.62060189,-111.8967578,1.0
40.69986262,-111.8830298,1.0
40.76065589,-111.8824987,1.0
40.23371897,-111.6613628,1.0
40.76064753,-111.8910891,1.0
40.53059128,-112.305526,1.0
40.85543467,-111.8813708,1.0
41.19077736,-112.0846496,1.0
40.75630189,-111.8910846,1.0
41.77774469,-111.8339608,1.0
40.44894189,-111.79567,1.0
40.60955287,-111.889293,1.0
40.65308377,-111.9812095,1.0
40.76499628,-111.9054,1.0
41.70650757,-111.8347215,1.0
40.75847388,-111.8995664,1.0
41.40699803,-112.0389173,1.0
41.25747162,-111.9778985,1.0
40.7036883,-112.0865491,1.0
40.54054877,-112.2983712,1.0
40.51191545,-111.8657712,1.0
40.53890427,-111.9984444,1.0
40.6893245,-111.9388907,1.0
40.68671371,-111.9026969,1.0
41.23102118,-111.9786225,1.0
40.427867,-111.789582,1.0
41.31180942,-112.0682592,1.0
37.00429211,-110.1734273,1.0
40.2773288,-111.6513771,1.0
40.72696804,-111.8596053,1.0
40.76500723,-111.8678352,1.0
40.6253698,-111.8464033,1.0
37.67407144,-112.1571473,1.0
37.67735486,-113.0617344,1.0
40.23382466,-111.7104182,1.0
40.69660178,-111.9903604,1.0
40.63157084,-111.8626667,1.0
40.67433411,-111.8882863,1.0
41.17886064,-111.9828856,1.0
40.76122752,-111.8882245,1.0
39.7063514,-111.8247887,1.0
40.53427513,-112.2984739,1.0
40.76283706,-111.865332,1.0
40.76545162,-111.8498176,1.0
39.60149054,-110.8158881,1.0
40.61360948,-111.8928822,1.0
40.65432186,-111.9049829,1.0
41.26248252,-111.7677023,1.0
40.69660962,-111.9434914,1.0
40.30640496,-111.6990407,1.0
40.73558353,-111.8882087,1.0
41.24927719,-111.9673031,1.0
40.620881,-111.9102314,1.0
40.67433025,-111.8882863,1.0
40.6998214,-111.8882595,1.0
40.56782349,-111.8721186,1.0
41.23123115,-111.9781962,1.0
37.05990228,-113.5831554,1.0
40.75848108,-111.8939501,1.0
40.76499685,-111.9033568,1.0
41.25170155,-111.969812,1.0
41.20241818,-112.1027849,1.0
39.59771243,-110.814129,1.0
40.8628432,-111.8857945,1.0
40.78474104,-111.9393682,1.0
40.23611462,-111.6947471,1.0
40.69120784,-111.9579907,1.0
40.65277582,-111.9387968,1.0
40.68211902,-111.9388809,6.0
40.03497246,-111.7378392,1.0
37.15728996,-113.6761675,1.0
40.66669003,-111.8289761,1.0
39.52607504,-111.5819335,1.0
41.23561284,-111.9688799,1.0
40.75629883,-111.8969742,1.0
40.69978059,-111.8936538,1.0
40.52108182,-112.3208065,1.0
40.76065902,-111.8739219,1.0
41.09138792,-112.0265619,1.0
40.5512945,-111.9400157,1.0
40.72327385,-111.8536542,1.0
40.64774446,-112.0259755,1.0
37.12384833,-113.609408,1.0
40.60953937,-111.8724338,1.0
40.65445936,-111.9039224,1.0
41.51687565,-112.0106548,1.0
40.74164414,-111.8307415,1.0
40.64977155,-111.9048119,1.0
40.36065686,-111.9786516,1.0
40.54419685,-111.984295,1.0
41.08917704,-111.9807994,1.0
40.31206077,-111.7054917,1.0
40.38692619,-111.8219999,1.0
40.89379464,-111.8723688,1.0
40.56633385,-111.880513,1.0
37.28366337,-113.3043708,1.0
40.764999,-111.8882272,1.0
40.74355869,-111.6829736,1.0
40.76404639,-111.9053944,1.0
40.89392486,-111.8856246,1.0
40.64864779,-112.0394597,1.0
40.58064439,-111.8721963,1.0
40.58788647,-111.9752805,1.0
40.61861539,-111.9673755,1.0
41.23972176,-111.9700351,1.0
40.68700593,-111.8882511,2.0
40.54026167,-111.8273685,1.0
40.53427507,-112.2984694,1.0
40.67519847,-111.9930241,1.0
37.05208905,-113.5591873,1.0
40.50787571,-112.0244597,1.0
40.62498505,-111.851143,1.0
40.68203673,-112.0439251,1.0
40.69655813,-112.0219952,1.0
40.66724474,-112.0056768,1.0
40.7118965,-111.9677798,1.0
40.76717118,-111.8882276,1.0
40.60362842,-111.9577646,1.0
40.7497667,-111.9025867,1.0
40.69699855,-111.9348231,1.0
40.62179741,-111.9273342,1.0
40.70797775,-111.9389371,1.0
40.74160921,-111.8996638,1.0
40.72583662,-111.8997013,1.0
40.75629419,-111.9047934,1.0
39.28245121,-112.4611215,1.0
40.11761814,-111.6547185,1.0
37.68125604,-113.0669531,1.0
40.57314075,-111.9386374,1.0
37.08437734,-113.5831278,1.0
40.5663123,-111.8809078,1.0
40.37753332,-111.7688888,1.0
41.08920132,-111.9734391,1.0
40.50939467,-112.0339541,1.0
40.77694881,-111.9162922,1.0
40.68701508,-111.8882488,1.0
41.21414713,-111.9539051,1.0
40.63651341,-112.0321994,1.0
40.67835663,-112.0004075,1.0
41.24428229,-111.9699616,1.0
37.12102291,-113.6247388,1.0
37.12712301,-113.5237048,1.0
40.7715492,-111.8965263,1.0
40.66498145,-111.9388244,1.0
40.67430585,-111.8654873,1.0
37.00657866,-113.5102042,1.0
40.94796859,-111.8799944,1.0
40.11630917,-111.6547331,1.0
40.70546557,-111.855318,1.0
40.69321518,-112.0658472,1.0
40.23374917,-111.6692932,1.0
40.66828014,-111.8651359,1.0
40.21460857,-111.6589758,1.0
41.13261263,-112.0837942,1.0
41.30585046,-111.9647743,1.0
41.2606726,-111.9478473,1.0
41.73570424,-112.1638496,1.0
41.12249671,-112.0260181,1.0
41.10353718,-112.001508,1.0
40.67450035,-111.9054459,1.0
40.77574769,-111.9025327,1.0
40.24832408,-111.662054,1.0
40.66558088,-111.9388267,1.0
40.69665796,-111.9579942,1.0
40.67433654,-111.8882863,1.0
40.50792171,-111.8852207,1.0
40.98208415,-111.9080541,1.0
40.58057235,-111.8904614,1.0
41.04393482,-111.6714834,1.0
40.65304521,-112.0141308,1.0
40.63855212,-112.0248695,1.0
40.66725775,-112.0058989,1.0
41.21214299,-111.9595011,1.0
40.69979124,-111.8930711,1.0
41.17697997,-112.0039601,1.0
37.65645122,-113.0904756,1.0
40.69292079,-111.977076,1.0
40.75197071,-111.8539148,1.0
41.05447318,-111.967515,1.0
40.83909186,-111.9117356,1.0
41.22485129,-111.9703726,1.0
41.74431834,-111.8042777,1.0
37.13076801,-113.492473,1.0
40.60953651,-111.8718552,1.0
41.03479413,-111.9339402,1.0
40.75217634,-111.8710594,1.0
39.68739449,-110.8546067,1.0
40.73173443,-111.8910642,1.0
40.69986442,-111.8823196,1.0
40.45573983,-109.5264431,1.0
41.22683257,-111.9591623,1.0
41.08917324,-111.984339,1.0
40.37235235,-111.9279358,1.0
40.2750946,-111.6853116,1.0
40.56042264,-111.8721337,1.0
39.46566291,-110.492769,1.0
39.46567069,-110.4927781,1.0
40.68204796,-112.0112887,1.0
37.65337797,-113.0826641,1.0
41.50521777,-111.9455867,1.0
40.58044513,-111.8529478,1.0
37.09997034,-113.514502,1.0
40.76922652,-111.8882293,1.0
41.0746459,-111.9970019,1.0
41.13989095,-112.0453061,1.0
37.05126795,-112.526396,1.0
40.6385729,-111.9912943,1.0
40.66054701,-111.8936753,1.0
40.36216858,-111.9347665,1.0
40.25992778,-111.6435409,1.0
40.54512972,-111.891127,1.0
40.16383096,-111.6106376,1.0
40.23514197,-111.648272,1.0
40.65477726,-111.9015502,1.0
41.44684562,-112.03762,1.0
40.67449995,-111.9002138,1.0
40.56251463,-111.9386422,1.0
40.69658978,-111.9807705,3.0
40.36800753,-111.7598098,1.0
40.23383942,-111.7080086,1.0
40.68701637,-111.9111862,2.0
38.57176775,-109.5510987,1.0
41.19274673,-112.0460746,1.0
40.63157158,-111.855623,1.0
40.71249398,-111.834078,1.0
40.58125624,-111.8532231,1.0
40.66433799,-111.8879716,1.0
40.92150729,-111.8855309,1.0
40.28994493,-111.7099757,1.0
41.19056669,-111.9711702,1.0
40.23642329,-111.6585722,1.0
40.64600762,-112.0055144,1.0
40.66694266,-111.8882785,1.0
40.24039182,-111.6614454,1.0
41.08944578,-112.0453305,1.0
40.70390421,-111.9771227,1.0
41.2260329,-111.993565,1.0
40.22576986,-111.6806971,1.0
41.17971619,-112.0076138,1.0
40.62113812,-111.8905373,1.0
40.24841109,-111.6942132,1.0
40.7614988,-111.8882246,1.0
41.09194183,-111.9105895,1.0
40.62065439,-111.891958,1.0
40.76718356,-111.8610176,1.0
41.25908884,-111.9778779,1.0
40.16665452,-111.5962437,1.0
40.76499073,-111.9125388,1.0
40.70366866,-111.9389293,1.0
40.53695319,-112.0227417,1.0
40.69648452,-112.0817025,1.0
40.58064555,-111.8722466,1.0
40.7606064,-111.9390214,1.0
40.6098032,-111.9674341,1.0
40.70068146,-111.9675449,1.0
40.66436152,-111.8882959,1.0
40.87763156,-111.8833729,1.0
41.22479437,-111.970374,1.0
38.57176431,-109.5508211,1.0
40.64239354,-111.8829747,1.0
40.61197327,-111.9103044,1.0
41.30672538,-112.0376354,1.0
40.03130227,-111.7338908,1.0
41.23127457,-111.9786137,1.0
40.2506303,-111.656151,1.0
40.66184156,-111.8882857,1.0
40.31190493,-111.7229364,1.0
40.65327866,-111.9869047,1.0
37.10648984,-113.5748056,1.0
41.23111151,-111.9702385,1.0
40.67992875,-112.0343157,1.0
41.73518221,-111.8322445,1.0
41.15435129,-111.9339092,1.0
40.24300376,-111.6465374,1.0
40.8418866,-111.9215934,1.0
40.76718584,-111.8538807,1.0
40.90008747,-111.8554813,1.0
40.77138951,-111.9168342,1.0
40.74970895,-111.8710583,1.0
40.77144092,-111.9153612,1.0
37.11894874,-113.6236916,1.0
40.72890242,-111.8234971,1.0
40.67287753,-112.0056399,1.0
40.73736377,-111.8824786,1.0
40.62405326,-111.9387685,1.0
41.07081174,-111.9768423,1.0
41.6559381,-112.1174852,1.0
40.53991182,-112.2983828,1.0
40.77162132,-111.9139851,1.0
40.65229635,-111.9284511,1.0
40.7395604,-111.8996582,1.0
41.22906571,-112.0098314,1.0
40.54415927,-111.9291424,1.0
40.54020412,-112.2983775,1.0
40.6652443,-111.9484417,1.0
41.03809106,-111.938564,1.0
40.04360468,-111.7338234,1.0
37.10404868,-113.555631,1.0
40.72326647,-111.8536533,1.0
40.69665646,-111.9462687,1.0
41.49706216,-112.0239227,1.0
40.62146248,-111.9143855,1.0
40.69446389,-111.9579923,1.0
40.74160922,-111.8996588,1.0
41.10356028,-112.0153344,3.0
40.75629471,-111.9044507,1.0
41.17612212,-112.0644625,1.0
40.2939922,-111.6428374,1.0
40.75848731,-111.8710593,1.0
41.31736006,-111.9569088,1.0
40.62313446,-111.862551,1.0
40.28257493,-111.7211739,1.0
41.15630277,-112.0328908,1.0
41.07399905,-111.9765386,1.0
40.79341232,-111.9391863,1.0
41.25939044,-111.9875792,1.0
40.88325776,-111.8967501,1.0
40.64615642,-111.9102338,1.0
40.62423232,-111.8342976,1.0
41.10720938,-112.0194636,1.0
40.59710415,-111.9062415,1.0
40.66529337,-112.0438457,1.0
40.66765876,-111.9388402,1.0
41.73289522,-111.8120749,1.0
40.544661,-111.8534435,1.0
41.22698626,-111.9731599,1.0
37.09607883,-113.586883,1.0
40.65304964,-112.0162102,1.0
41.1761445,-112.0688949,1.0
41.08918084,-111.9771899,1.0
40.67990386,-111.80947,1.0
40.3767749,-111.7959029,1.0
40.35307423,-111.773988,1.0
40.71456324,-111.8552126,1.0
41.26960946,-111.9694385,1.0
40.69527277,-111.938899,1.0
41.60383624,-111.9770339,1.0
40.14129436,-111.6104692,1.0
37.67379947,-113.0617057,1.0
40.74977154,-111.8967117,1.0
37.10642145,-113.5616318,1.0
41.14872894,-112.0317673,1.0
40.74157031,-111.8882133,1.0
41.21644561,-111.9705786,1.0
40.69661022,-111.9431953,1.0
41.21613845,-111.9705849,1.0
40.6065005,-111.9674415,1.0
40.68724835,-111.871369,1.0
40.58045089,-111.8339973,1.0
40.60648454,-111.9674416,1.0
40.62403038,-111.972623,1.0
40.63860378,-112.0053362,1.0
37.11525404,-113.5537457,1.0
40.69294332,-111.9579895,1.0
40.03132557,-111.7453299,1.0
40.58810406,-111.8908992,1.0
37.01190992,-112.525801,1.0
40.76935056,-111.8775791,1.0
40.24302255,-111.6583577,1.0
40.5877735,-111.9340681,1.0
40.12738822,-111.6499973,1.0
40.49261105,-112.0010867,1.0
40.70518264,-112.0973826,1.0
40.63319089,-112.3022316,1.0
40.6965268,-112.0439275,1.0
41.18346607,-112.0259441,1.0
41.21614267,-111.9483289,1.0
40.88427489,-111.8779268,1.0
37.18264132,-113.2918618,1.0
41.089148,-112.0645946,1.0
41.182715,-111.9828232,1.0
40.92457644,-111.8840062,1.0
37.12471809,-113.6237973,1.0
40.31419199,-111.7205772,1.0
41.08909148,-112.0178505,1.0
40.24028479,-111.6621566,1.0
40.11517082,-111.6352033,1.0
40.61904781,-111.8906197,1.0
40.60590847,-111.8998487,1.0
40.69432265,-112.0918006,1.0
37.18066279,-113.2822423,1.0
40.62071919,-111.8721242,1.0
41.18336978,-111.9490904,1.0
40.6998704,-111.8326282,1.0
40.69773353,-111.9927009,1.0
40.66789141,-111.9814975,1.0
40.66762092,-111.9608783,1.0
37.09963481,-113.5600897,1.0
40.57324244,-111.8849283,1.0
40.68208246,-112.0247439,4.0
40.71171402,-111.7940143,1.0
40.7180344,-111.9034197,1.0
41.92256665,-111.8143039,1.0
40.38305743,-111.7954697,1.0
40.64589101,-111.9102363,1.0
40.86728003,-111.8618377,1.0
40.72398525,-111.865337,1.0
41.75741609,-111.819055,1.0
41.20342788,-111.9792661,1.0
40.69660184,-111.9903342,1.0
40.23372307,-111.662221,1.0
41.22489079,-111.9732086,1.0
40.65259387,-111.8920245,1.0
40.65318452,-111.9387992,1.0
41.27046787,-111.9694128,1.0
40.6902896,-111.811121,1.0
40.76717301,-111.908263,1.0
41.07638075,-111.9829986,1.0
40.68702555,-111.9145828,1.0
41.40128415,-112.0470878,1.0
40.74480709,-111.876772,1.0
40.899565,-111.8825858,1.0
40.68713503,-111.9770661,1.0
40.76422395,-111.4705101,1.0
40.77142839,-111.9469869,1.0
40.37280235,-111.7806837,1.0
40.58810944,-111.8896332,1.0
38.71848666,-109.709463,1.0
41.17964642,-111.949111,1.0
40.24196131,-111.6399047,1.0
41.17959678,-112.0643838,1.0
40.69291732,-111.977076,1.0
40.75193279,-111.9170241,1.0
40.6797054,-111.9388766,1.0
41.22066756,-111.9676502,1.0
40.77169508,-111.867428,1.0
40.59908323,-111.8961005,1.0
41.74825896,-111.8139724,1.0
40.76499867,-111.8882272,1.0
40.76499745,-111.9041022,1.0
40.5984292,-111.9102419,1.0
40.69363647,-111.8149468,1.0
40.75196763,-111.8567517,1.0
40.63098816,-111.991261,1.0
40.69499969,-112.0918141,1.0
40.69991375,-111.953985,1.0
40.43119832,-111.7734532,1.0
40.60231694,-112.4450388,1.0
40.37262844,-111.7857527,1.0
40.27341598,-111.6845688,1.0
40.78482107,-111.939368,1.0
40.76719246,-111.853882,1.0
41.0901959,-112.002184,1.0
40.66131113,-111.8882875,1.0
40.6923232,-111.5442061,1.0
40.65565593,-111.9869023,1.0
40.44673417,-111.8924724,1.0
40.37744429,-111.7974552,1.0
40.55152319,-111.8627437,1.0
40.56969326,-111.8949038,1.0
40.23372281,-111.6586848,1.0
40.69661233,-111.9444628,1.0
40.69978474,-111.8911266,1.0
40.59936971,-112.0484033,1.0
40.65625704,-111.9674167,1.0
40.85561952,-111.9010667,1.0
41.07396116,-111.9766075,1.0
40.64390603,-111.9383732,1.0
40.69941639,-112.0248622,1.0
41.50607691,-112.0158251,1.0
41.22065349,-111.970509,1.0
41.08265093,-111.973473,1.0
41.78337112,-112.1070931,1.0
40.75193189,-111.917903,1.0
40.68465906,-111.928905,1.0
40.66982673,-111.9388714,1.0
40.57356856,-111.8531453,1.0
40.62401996,-111.929182,1.0
40.22978462,-111.6401656,1.0
40.73350821,-111.8653321,1.0
40.7861183,-111.9820159,1.0
40.27426805,-111.7352924,1.0
40.24973961,-111.6422544,1.0
41.20588852,-111.9485689,1.0
40.24040387,-111.6656397,1.0
40.60587138,-111.8721917,1.0
40.62236175,-111.4307595,1.0
40.69648967,-112.0679492,1.0
40.64734926,-111.9102404,1.0
40.52229378,-111.9573178,1.0
40.89241922,-111.8582455,1.0
41.09773774,-112.0034963,1.0
40.99938806,-111.8990965,1.0
39.59957187,-110.7997665,1.0
41.06018203,-111.9736321,1.0
41.15440292,-112.0548165,1.0
39.6893981,-110.8592143,1.0
40.36500986,-111.8670691,1.0
41.13986881,-112.0735976,1.0
40.68211902,-111.9388809,6.0
40.686194,-111.9029641,1.0
37.11043866,-113.594078,1.0
41.03809913,-111.9472801,1.0
41.21985909,-111.9634532,1.0
41.25549701,-111.9697167,1.0
41.03138023,-111.9392449,1.0
40.68210331,-111.9388803,1.0
40.65928513,-111.8087152,1.0
40.71945039,-111.8882323,1.0
41.20963831,-111.9707187,1.0
40.3768359,-111.8064459,1.0
40.36410721,-111.7388295,1.0
40.54734739,-112.0028363,1.0
40.75196876,-111.8550385,1.0
40.55882818,-111.9366237,1.0
40.75196891,-111.8549495,1.0
40.62146227,-111.9143758,1.0
41.10587265,-112.02874,1.0
40.69858623,-111.9349939,1.0
41.17116254,-112.0414952,1.0
41.17767461,-112.0020629,1.0
41.21968657,-112.0256807,1.0
40.10159539,-111.6357928,1.0
40.58047646,-111.913611,1.0
40.16107486,-111.6071484,1.0
40.69757897,-111.9334118,1.0
37.68091563,-113.0618088,1.0
40.67487858,-111.9388562,1.0
40.68701646,-111.9111744,3.0
40.75228416,-111.8653312,1.0
40.21220209,-111.662598,1.0
40.42080319,-111.8166541,1.0
40.98225423,-111.9150818,1.0
40.64288702,-112.0054723,1.0
40.65305091,-111.9863649,1.0
40.39007845,-111.8867988,1.0
37.219274,-113.2757312,1.0
40.69660386,-111.985463,1.0
40.59215855,-112.4730844,1.0
41.26281875,-111.977018,1.0
41.74256149,-111.8042844,1.0
41.19159692,-111.980272,1.0
40.59319427,-111.9335021,1.0
40.69632058,-111.8494475,1.0
41.20823076,-111.9793928,1.0
40.70563935,-111.8882597,1.0
40.25865649,-111.6533285,1.0
40.66095726,-111.8935497,1.0
41.23670725,-111.9230623,1.0
40.7073795,-112.0630707,1.0
40.67428875,-111.8655423,1.0
41.22074993,-111.9788701,1.0
38.57640544,-109.5507599,1.0
41.74991883,-111.8215193,1.0
40.76076163,-111.8710592,1.0
41.11000942,-112.0645371,1.0
40.67325819,-111.8153555,1.0
40.66740867,-111.9865913,1.0
40.66523242,-111.8883001,1.0
40.69280599,-112.0616509,1.0
37.09992197,-113.5375186,1.0
40.70960777,-111.829485,1.0
40.59706995,-111.8857369,1.0
39.81011074,-111.5051356,1.0
37.086732,-113.314886,1.0
38.5745926,-109.5507701,1.0
40.35188217,-111.7316409,1.0
40.38679703,-111.8241076,1.0
40.02750425,-111.7400548,1.0
40.59540138,-111.853148,1.0
40.6966197,-111.938901,1.0
41.78131355,-111.8208052,1.0
40.60268423,-112.0469437,1.0
40.62607051,-111.8540918,1.0
40.44605813,-111.8873803,1.0
41.16752634,-112.0713823,1.0
41.11800498,-112.0260176,1.0
41.03838042,-111.9641361,1.0
40.68383813,-111.9579825,1.0
40.78047732,-111.9437289,1.0
40.29714567,-111.703141,1.0
40.68708956,-111.8260269,1.0
40.74768635,-111.9277672,1.0
41.71092501,-112.1810055,1.0
40.57420687,-112.0195494,1.0
40.76499183,-111.9082636,1.0
40.75196596,-111.8593499,1.0
40.78238032,-111.9227774,1.0
41.26941799,-111.9760658,1.0
40.69663629,-111.9665928,1.0
40.77382742,-111.8911004,1.0
40.69986243,-111.8831406,1.0
39.36172887,-111.5870822,1.0
40.70391279,-111.9567473,1.0
41.76135845,-111.8342976,1.0
40.68935502,-111.9579883,1.0
41.73737907,-111.8348049,1.0
40.63478594,-111.7262178,1.0
39.62723062,-111.6344328,1.0
40.50983657,-111.8856739,1.0
40.67268832,-111.8029103,1.0
40.76056957,-111.8390416,1.0
40.58163888,-112.0045487,1.0
40.60949114,-111.9814612,1.0
40.68616219,-112.0193077,1.0
40.67431176,-111.8679432,1.0
41.84793157,-112.4433727,1.0
40.58774268,-111.9291867,1.0
41.88645798,-112.1670404,1.0
37.678061,-113.061069,1.0
40.60583838,-111.8816501,1.0
40.78021066,-111.9331137,1.0
40.76918723,-111.8448502,1.0
40.528433,-112.298326,1.0
41.754204,-111.828962,1.0
40.649775,-111.866561,1.0
40.56148,-111.97986,1.0
41.08915376,-112.0453443,1.0
40.67880065,-112.044905,1.0
40.760659,-111.8739306,1.0
40.03131898,-111.73596,1.0
40.60954074,-111.8721802,1.0
40.68216132,-112.0247432,1.0
37.68924839,-113.0619596,1.0
40.6966092,-111.9866296,1.0
40.56191507,-111.9770772,1.0
40.67445566,-112.0056389,1.0
39.36344681,-111.5870841,1.0
40.76066516,-111.8538841,1.0
40.76499617,-111.9025379,1.0
40.69657685,-112.0057339,1.0
40.66766695,-111.9388404,1.0
40.85553001,-111.93422,1.0
40.68707806,-111.8244989,1.0
40.51919467,-111.9411873,1.0
40.70374641,-112.0973683,1.0
37.68086354,-113.0738856,1.0
40.65935884,-111.8882793,1.0
40.69662659,-111.9770828,1.0
40.63326851,-111.8894198,1.0
40.6943697,-111.9770787,1.0
40.6094983,-111.9444132,1.0
41.06162526,-111.9452972,1.0
40.23372485,-111.6622186,1.0
41.20187436,-111.9709036,1.0
40.72541958,-111.8638738,1.0
40.68386352,-111.9388824,1.0
41.12306996,-112.0260178,1.0
40.73351009,-111.888213,1.0
40.76065249,-111.8882249,2.0
39.60805175,-110.8054849,1.0
41.29657838,-111.9962565,1.0
40.68706579,-111.8769867,1.0
40.88065364,-111.8728524,1.0
40.86159444,-111.8922449,1.0
41.04156884,-111.9460907,1.0
41.25606443,-111.9697053,1.0
41.19125401,-111.9806156,1.0
40.75847362,-111.8968129,1.0
37.126706,-113.518248,1.0
41.07907869,-111.9110482,1.0
38.56384148,-109.5495531,1.0
40.70372464,-112.0918054,1.0
41.06618801,-111.961952,1.0
40.69838249,-111.9938297,1.0
41.178401,-111.992124,1.0
40.75848707,-111.8739322,1.0
40.58543655,-111.9051926,1.0
41.21003411,-111.9581878,1.0
40.5359211,-111.4104585,1.0
41.10501143,-112.0645565,1.0
40.7519657,-111.8653323,1.0
41.11685483,-112.0359859,1.0
37.12286757,-113.6237573,1.0
40.63850903,-111.8984461,1.0
41.2582403,-111.9696632,1.0
40.62903702,-112.0085627,1.0
40.55879176,-111.8721683,1.0
40.61490109,-111.9577908,1.0
40.65024929,-111.8885153,1.0
41.216333,-112.0097162,1.0
40.63795223,-111.9292541,1.0
40.68212831,-111.9388797,1.0
40.67430159,-111.8541229,1.0
40.16121255,-111.6316849,1.0
40.60948596,-111.9631904,1.0
40.63741917,-112.0188533,1.0
40.62103278,-111.9525294,1.0
40.31000746,-111.710222,1.0
40.72863739,-111.8910614,1.0
40.69657686,-112.0057253,1.0
40.67450001,-111.9002111,1.0
40.17131544,-111.6106099,1.0
40.62637441,-111.8900179,1.0
41.228028,-111.975026,1.0
41.24681354,-111.9698897,1.0
41.09243347,-112.0043249,1.0
40.61204798,-111.9292066,1.0
40.52880842,-111.8670151,1.0
40.6095476,-111.8721803,1.0
40.6999125,-111.8576742,1.0
40.89964669,-111.8856085,1.0
41.51286384,-112.0156768,1.0
40.74165017,-111.8272666,1.0
40.66759911,-111.9674628,1.0
40.72081188,-111.9389684,1.0
40.67033066,-111.9865886,1.0
40.69661981,-111.9770828,1.0
40.65652045,-111.5065263,1.0
40.69649516,-112.0918437,1.0
41.30714956,-111.9686405,1.0
40.73313082,-111.9389719,1.0
40.507802,-111.9827533,1.0
40.60229391,-112.0261898,1.0
37.17636601,-113.3275792,1.0
40.03129923,-111.7294981,1.0
40.89658819,-111.8856102,1.0
40.25310633,-111.6561214,1.0
40.69292268,-111.976879,1.0
41.21439515,-111.9706163,1.0
40.09704486,-111.6355215,1.0
40.69988566,-111.8654528,1.0
40.653075,-111.9340799,1.0
41.02180018,-111.9250402,1.0
40.85337804,-111.9324396,1.0
41.22344711,-111.9433759,1.0
41.25170151,-111.9698085,1.0
40.66157483,-111.8649689,1.0
41.21456986,-111.9789856,1.0
40.72546563,-111.8422506,1.0
40.12546404,-111.6405983,1.0
40.76500229,-111.8873508,1.0
40.57586398,-111.8994776,1.0
40.53057458,-112.291768,1.0
41.12008928,-112.0260172,1.0
40.7255056,-111.8653303,1.0
40.74976223,-111.9082401,1.0
41.08914259,-111.9973123,1.0
40.58635822,-111.8639125,1.0
40.54253913,-112.2983404,1.0
40.54416663,-111.9291426,1.0
40.68431408,-111.9388831,1.0
40.38823345,-111.8357309,2.0
40.68974485,-111.8654958,1.0
41.17626044,-112.0059624,1.0
40.9678399,-111.900584,1.0
40.68206984,-112.0302107,1.0
41.72642415,-112.1600142,1.0
40.27071738,-111.7147895,1.0
40.45573533,-109.526841,1.0
40.4363523,-111.8909213,1.0
40.76717696,-111.8820922,1.0
40.77166698,-111.9470065,1.0
41.2122312,-111.966004,1.0
40.26295321,-111.667384,1.0
40.64475615,-111.986484,1.0
40.3657526,-111.7511176,1.0
40.60941496,-111.9759576,1.0
41.06725091,-111.9731005,1.0
40.696661,-111.9535723,1.0
40.68936205,-111.8911263,1.0
41.10352166,-112.0069079,1.0
41.172118,-112.027122,1.0
41.21841863,-111.9597151,1.0
40.66146797,-111.5046516,1.0
40.69990894,-111.8540027,1.0
40.68991226,-111.9201036,1.0
40.82619773,-111.9479868,1.0
40.69838168,-112.0630841,1.0
40.70391996,-111.9579708,1.0
40.64226184,-111.8659527,1.0
40.62054703,-111.8559336,1.0
40.66724476,-112.005677,1.0
41.095642,-111.973626,1.0
40.019381,-111.762823,1.0
40.69988509,-111.871326,1.0
41.108735,-112.02064,1.0
40.64285801,-111.888646,1.0
41.24407049,-111.9397119,1.0
40.75629716,-111.9022149,1.0
40.7649992,-111.8958067,1.0
40.48295299,-111.9001722,1.0
41.305267,-111.964757,1.0
40.6334472,-112.0244765,1.0
37.105313,-113.528547,1.0
37.091739,-113.573278,1.0
40.749858,-111.570557,1.0
40.71697804,-111.9408219,1.0
40.76715201,-111.9397,1.0
40.18520425,-111.6069285,1.0
37.481958,-113.26731,1.0
40.668359,-111.492216,1.0
39.988245,-111.367848,1.0
40.977131,-111.889126,1.0
40.523917,-111.863334,1.0
40.80855,-110.79935,1.0
40.975931,-111.883949,1.0
40.71100548,-112.1051608,1.0
41.245015,-111.976247,1.0
41.227785,-111.975529,1.0
41.161188,-112.062858,1.0
40.663523,-111.499053,1.0
40.56884543,-111.8016683,1.0
40.64509594,-111.9865837,1.0
37.81361822,-112.9286641,1.0
41.078899,-111.944119,1.0
40.58973808,-111.895958,1.0
40.664216,-111.929498,1.0
40.6407072,-111.90297,1.0
40.668906,-111.493089,1.0
40.66818553,-111.9331828,1.0
40.114629,-111.727185,1.0
40.58816187,-111.8798559,1.0
41.164816,-111.970995,1.0
40.11463258,-111.7304442,1.0
41.307789,-111.970344,1.0
40.67430915,-111.8669872,1.0
40.5589456,-111.896208,1.0
41.066203,-111.962024,1.0
40.69980286,-111.8953647,1.0
40.69978225,-111.891125,1.0
40.6565372,-111.506411,1.0
41.228031,-111.974699,1.0
41.257227,-111.968322,1.0
41.24080701,-111.992815,1.0
40.919458,-111.878404,1.0
37.176952,-113.288785,1.0
40.965102,-111.899714,1.0
40.62088099,-111.9102309,1.0
40.76064386,-111.8995735,1.0
39.60674538,-110.7978418,1.0
40.66753852,-111.9865819,1.0
40.77151692,-111.9469801,1.0
41.19762908,-111.9487618,2.0
41.21020111,-111.9707123,1.0
40.68699442,-112.0182012,1.0
40.54253575,-112.2983362,1.0
40.87121259,-111.861812,1.0
40.69657329,-112.0057206,2.0
41.30682888,-112.005567,1.0
40.16942483,-111.5937971,1.0
41.11184394,-112.0194199,1.0
40.09188192,-111.6188218,1.0
40.90567689,-111.8789757,1.0
40.67746752,-111.8966409,1.0
40.28992222,-111.7050522,1.0
40.67558023,-111.8953606,1.0
40.88655667,-111.8922198,1.0
40.91739542,-111.3959081,1.0
40.64957282,-111.8659175,1.0
40.7496016,-111.873916,1.0
40.88678186,-111.8922228,1.0
37.67569058,-113.0796483,1.0
40.14054397,-111.5740286,1.0
40.70964071,-111.8876229,1.0
40.63052617,-111.8339778,1.0
40.69942154,-111.9202208,1.0
40.68676552,-111.8972065,1.0
37.122936,-113.6141615,1.0
40.68205196,-112.0025675,1.0
40.72541768,-111.8653311,1.0
40.37271945,-111.7803476,1.0
40.56238701,-111.9863321,1.0
40.97793817,-111.8919049,1.0
40.63649619,-111.8659323,1.0
40.11560926,-111.5976589,1.0
40.69291602,-111.9816279,1.0
41.25940559,-111.8220594,1.0
40.65192891,-111.5030123,1.0
37.71360406,-113.0511803,1.0
40.73062561,-111.8882033,1.0
40.69292745,-111.9675298,1.0
40.76935193,-111.879645,1.0
41.07433687,-111.9759244,1.0
40.62493091,-111.8901593,1.0
40.79737103,-111.9391634,1.0
40.6206086,-111.8935088,1.0
40.74161657,-111.8881244,1.0
41.21855285,-111.9705256,1.0
40.38432359,-111.8119337,1.0
40.78237516,-111.9284308,1.0
40.94222158,-111.8852823,1.0
40.66654652,-111.9867491,1.0
41.19056421,-111.9813068,1.0
40.68930779,-111.9388871,1.0
40.70574842,-112.0960464,1.0
41.2441159,-111.9533723,1.0
40.28241837,-111.6875519,1.0
40.75848708,-111.8739247,1.0
40.6964924,-112.0630054,1.0
40.60884287,-111.9674376,1.0
40.58435189,-111.8863224,1.0
40.28609273,-111.7241317,1.0
37.11731786,-113.609722,1.0
41.19945802,-111.9487167,1.0
40.64959312,-111.8712538,1.0
40.23102651,-111.6639557,1.0
40.67416601,-111.8655424,1.0
40.75523004,-111.9119092,1.0
40.64946593,-111.8545064,1.0
40.74551999,-111.9389902,1.0
40.69837137,-112.0996542,1.0
40.68939931,-111.9523971,1.0
40.66795783,-111.9388479,1.0
40.76062083,-111.9168255,1.0
40.16496574,-111.6278991,1.0
41.18262551,-112.0067182,1.0
40.62060192,-111.8967605,1.0
40.3641513,-111.7423797,1.0
40.67568783,-111.8655326,1.0
37.10974327,-113.5006733,1.0
40.66756776,-111.98658,1.0
40.62404154,-111.9387646,1.0
40.75194869,-111.899112,1.0
40.031358,-111.7504679,1.0
40.76413698,-111.8882228,1.0
40.88837176,-111.8856449,1.0
40.90039412,-111.8882985,1.0
40.91578544,-111.8757157,1.0
40.68203052,-112.0446114,1.0
40.7468287,-111.8968035,1.0
41.30671263,-112.0421218,1.0
41.07468549,-112.0432089,1.0
40.69665277,-111.9587176,1.0
40.6460831,-112.0414643,1.0
41.25166227,-111.9697981,1.0
40.65606086,-111.8883255,1.0
40.71032364,-112.0855871,1.0
40.75629548,-111.9057954,1.0
40.76064396,-111.9056327,1.0
40.76065718,-111.8719558,1.0
40.61601006,-111.9387713,1.0
41.1743481,-111.9829095,1.0
40.03107385,-111.7483633,1.0
41.06011903,-111.961012,1.0
41.49589115,-112.0239457,1.0
40.54171206,-112.0122571,1.0
40.6820947,-112.0439027,1.0
37.11479595,-113.6179902,1.0
37.12877094,-113.602209,1.0
40.27510129,-111.6853146,1.0
40.88941627,-111.8922377,1.0
40.72781408,-111.5483959,1.0
41.7124497,-111.8293902,1.0
41.7362423,-111.8348339,1.0
40.64661355,-111.8545399,1.0
40.75501197,-111.8595988,1.0
40.68968004,-111.5502501,1.0
41.2185642,-111.9704487,1.0
40.91675151,-111.878951,1.0
40.62586296,-111.9345064,1.0
40.25356117,-111.6697756,1.0
40.77786593,-111.9102368,1.0
41.71893367,-112.1681191,1.0
40.55056357,-111.9618845,1.0
40.68706624,-111.8827371,1.0
40.28668767,-111.690425,1.0
40.3765767,-111.9163958,1.0
40.388863,-111.8268934,1.0
40.70490657,-111.8882567,1.0
41.09313783,-112.0645835,1.0
40.69648424,-112.0699921,1.0
40.70448607,-111.8939748,1.0
40.69663605,-111.9454087,1.0
40.67254965,-112.0085528,1.0
40.376773,-111.7957235,1.0
41.17309919,-112.0260135,1.0
40.66044346,-111.8544484,1.0
37.04316531,-112.526363,1.0
40.6965673,-111.8654926,1.0
40.84180747,-111.9102865,1.0
40.75355454,-111.8266879,1.0
40.7785614,-111.899679,1.0
41.22070561,-111.9745422,1.0
40.68706579,-111.8827962,1.0
41.05881881,-111.9438283,1.0
37.09629522,-113.574851,1.0
40.69953691,-111.9866357,1.0
40.58009491,-111.8721929,1.0
40.69648777,-112.082455,1.0
41.07246479,-111.97938,1.0
40.29258764,-111.6894617,1.0
40.16681134,-111.6297972,1.0
40.68211854,-111.9675179,1.0
40.69663048,-111.9675337,1.0
40.27296493,-111.6762071,1.0
41.1977559,-111.9681601,1.0
40.65571693,-111.8942178,1.0
40.70927107,-111.9675746,1.0
40.72542477,-111.8712282,1.0
40.74161243,-111.8953094,1.0
40.68351512,-111.8244917,1.0
41.04120937,-111.9446531,1.0
40.46282109,-109.5448251,1.0
40.72286021,-111.8711073,1.0
40.64837192,-112.2950116,1.0
40.25723913,-111.6611641,1.0
40.58410958,-111.8908328,1.0
40.66725442,-112.0033782,1.0
40.54426164,-111.8654607,1.0
40.3792819,-111.7691086,1.0
37.13671798,-113.6171653,1.0
40.58162774,-111.9881483,1.0
40.70385426,-112.0085831,1.0
40.61052605,-111.9102545,1.0
41.23088488,-111.9530257,1.0
40.71680065,-111.9422274,1.0
40.66298919,-111.5008348,1.0
40.71629705,-111.8882495,1.0
40.42957625,-111.8287575,1.0
41.10358428,-112.0153645,1.0
37.1014517,-113.5591548,1.0
41.21239287,-111.9803295,1.0
40.76500028,-111.8898838,1.0
37.08844755,-113.5834338,1.0
40.28245427,-111.7238472,1.0
40.29715363,-111.7052469,1.0
41.19411221,-112.0445965,1.0
41.17383779,-112.0313899,1.0
40.59499356,-111.8721703,1.0
41.07463313,-112.0069891,1.0
40.24298327,-111.6403768,1.0
40.69655373,-112.0248492,1.0
40.25352055,-111.669738,1.0
40.66869366,-111.9865835,1.0
40.38878928,-111.8267076,1.0
41.04643027,-111.950037,1.0
40.68701622,-111.8019312,1.0
40.03130224,-111.7338842,1.0
37.09965673,-113.568542,1.0
40.63858061,-111.948356,1.0
40.74161483,-111.8896444,1.0
40.76282587,-111.8910926,1.0
41.27824182,-111.983596,1.0
40.78238148,-111.9168425,1.0
41.08915041,-111.9993586,1.0
41.7389641,-111.8295656,1.0
37.16699664,-113.3758762,1.0
40.68930579,-111.9388907,1.0
40.86158989,-111.892121,1.0
40.80325553,-111.9147494,1.0
40.77154508,-111.8996848,1.0
40.43842031,-111.7722219,1.0
41.225488,-111.939825,1.0
41.161895,-112.064342,1.0
40.68706499,-111.871369,1.0
40.65309868,-111.9579789,1.0
37.08470474,-113.5556282,1.0
40.69285098,-111.9770759,1.0
40.12138879,-111.6476654,1.0
40.5295493,-112.3044582,1.0
40.71980707,-111.5409916,1.0
40.2898246,-111.7337928,1.0
40.70453517,-112.03124,1.0
40.76499541,-111.8995137,1.0
37.12286524,-113.6237573,1.0
41.10353746,-112.0153185,1.0
41.17613433,-112.0644401,1.0
41.2174788,-111.9789209,1.0
40.68208246,-112.0247439,4.0
40.6095574,-111.8907709,1.0
40.6998969,-111.8597303,1.0
40.69648118,-112.0710419,1.0
41.07466517,-111.9808756,1.0
40.67433062,-111.888284,2.0
40.65431898,-111.9049807,1.0
40.2283826,-111.6587015,2.0
40.52673478,-112.3059354,1.0
40.58806673,-111.8949052,1.0
41.82993003,-111.82025,1.0
40.75826079,-111.8853633,1.0
40.78020285,-111.9291518,1.0
41.06756347,-112.007135,1.0
40.25339338,-111.6726427,1.0
40.674314,-111.8830556,1.0
41.10361582,-112.0153964,1.0
40.68700923,-111.9075175,1.0
37.12406506,-113.5321993,1.0
39.98823329,-111.7644059,1.0
40.60869659,-111.9696905,1.0
40.24296125,-111.6431326,1.0
41.21608055,-111.9483246,1.0
41.08921396,-112.0261506,2.0
40.7630394,-111.899665,1.0
40.74962373,-111.9168171,1.0
40.75196577,-111.8616347,1.0
40.77993347,-111.8899501,1.0
40.77380183,-111.9139737,1.0
40.52722266,-111.4905355,1.0
40.67591389,-111.8647972,1.0
39.36138094,-111.5870817,1.0
39.70856967,-111.8285505,1.0
40.77041528,-111.8939571,1.0
40.741614,-111.8896286,1.0
40.6998591,-111.8826455,1.0
37.66564408,-113.0803052,1.0
40.75848137,-111.8876756,1.0
40.24302316,-111.6586317,3.0
40.65373687,-111.910272,1.0
40.66907999,-112.0056386,1.0
40.67843442,-111.8944285,1.0
40.68185556,-111.8012917,1.0
41.09086535,-111.9776899,1.0
40.73676031,-111.8882138,1.0
40.62218393,-111.865996,1.0
40.67445584,-111.9028298,1.0
41.42423076,-112.035704,1.0
40.38793224,-111.8474089,1.0
40.6998915,-111.8640742,1.0
40.6180509,-111.9387517,1.0
40.68211902,-111.9388809,6.0
40.85954137,-111.8979558,1.0
40.69487693,-111.967532,1.0
40.11885802,-111.6496807,1.0
41.75715462,-111.804186,1.0
40.67431191,-111.8655422,1.0
40.46587417,-111.9118237,1.0
39.9547255,-112.1193321,1.0
40.54026265,-112.2928904,1.0
40.60944094,-112.0285635,1.0
40.7020892,-112.0248729,1.0
41.73907393,-111.8347405,1.0
40.77152949,-111.8968172,1.0
40.60951436,-111.9387434,2.0
40.60912187,-111.8483719,1.0
40.68708254,-111.8244884,1.0
40.68534215,-111.9950012,1.0
40.6148678,-111.8721983,1.0
40.66413131,-111.9313538,1.0
40.68211902,-111.9388809,6.0
40.69434202,-111.8323416,1.0
40.78548116,-111.9806615,1.0
40.56410074,-111.8458939,1.0
40.24975655,-111.6586161,1.0
40.59586095,-112.0194917,1.0
40.75731778,-111.8359798,1.0
41.27696005,-111.9692889,1.0
40.27355726,-111.6954637,1.0
40.68705683,-111.8655179,1.0
41.07466126,-111.9808714,1.0
40.68210922,-111.9770566,1.0
40.23818105,-111.6892509,1.0
40.69558092,-112.0918256,1.0
40.59502182,-111.9387616,1.0
41.75007497,-111.8265425,1.0
41.08707167,-112.0261611,1.0
40.52696376,-111.8712316,1.0
40.98262939,-111.4184838,1.0
38.56380843,-109.5495332,1.0
41.09202034,-112.0069087,1.0
41.12031207,-112.0260172,1.0
40.70305265,-111.9599245,1.0
40.8706511,-111.8955665,1.0
41.10037028,-112.0068867,1.0
40.85306733,-111.9394251,1.0
40.60589678,-111.967439,1.0
41.08922208,-112.0818298,1.0
40.74050049,-111.8853678,1.0
40.6618891,-111.9011555,1.0
40.68205058,-112.0006505,1.0
40.7606491,-111.8966986,1.0
40.88134817,-111.8726747,1.0
40.64917291,-111.9982853,1.0
40.69665765,-111.9468737,1.0
40.39596699,-111.7724542,1.0
40.7833344,-111.9297489,1.0
40.65307589,-111.9728216,1.0
41.06493871,-111.9599388,1.0
40.7693516,-111.8797658,1.0
40.17224975,-111.6068777,1.0
40.68272269,-111.9355404,1.0
40.68940496,-111.948452,1.0
40.69648926,-112.0629816,1.0
40.84181889,-111.9105527,1.0
41.22890574,-111.9703206,1.0
41.16167635,-112.04637,1.0
41.05959719,-111.2883639,1.0
40.59979552,-112.4565203,1.0
39.59956393,-110.8035567,1.0
40.11374398,-111.6551318,1.0
41.06010688,-111.9576141,1.0
40.764992,-111.9081361,1.0
40.65571654,-111.8942213,1.0
40.65484007,-111.9025914,1.0
37.68088666,-113.0669489,1.0
40.70393472,-111.9428081,1.0
40.65307498,-111.9340791,1.0
40.5897463,-111.8341095,1.0
40.72517339,-111.8882181,1.0
40.76499931,-111.8967412,1.0
40.61499835,-111.8685455,1.0
40.522315,-111.9327776,1.0
37.11075093,-113.5621087,1.0
40.5917481,-111.9306958,1.0
40.86156486,-111.8860426,1.0
40.7221862,-111.8711107,1.0
41.17929203,-112.0259791,1.0
41.08917949,-111.9785003,1.0
40.70381231,-112.0248874,1.0
40.58801694,-111.8995849,1.0
37.68086148,-113.0721278,1.0
40.25565879,-111.6560919,1.0
40.5907179,-111.7983687,1.0
41.02619857,-111.9302444,1.0
40.76065898,-111.8739434,1.0
40.69657528,-112.0439277,1.0
40.62214441,-111.8659937,1.0
40.36115541,-111.7253688,1.0
37.10131859,-113.5833558,1.0
41.03813882,-111.944001,1.0
40.73536349,-111.8882087,1.0
40.69777556,-111.9389058,1.0
40.60942447,-111.7959651,1.0
40.72329167,-111.8308103,1.0
40.31924047,-111.7046848,1.0
40.66385431,-111.9721876,1.0
41.16731844,-111.9685644,1.0
40.69984335,-111.8036683,1.0
40.70374649,-112.0972729,1.0
40.70439752,-111.8244178,1.0
40.37070295,-111.7907302,1.0
40.92909414,-111.8789321,1.0
40.69986143,-111.8867881,1.0
40.76717933,-111.8710591,1.0
40.77160909,-111.8996755,1.0
40.24763528,-111.6748362,1.0
40.378758,-111.796542,1.0
40.26295509,-111.6673864,1.0
40.66363231,-111.9964105,1.0
40.72162711,-111.5199084,1.0
37.07212293,-113.5744843,1.0
40.21449171,-111.6589809,1.0
40.73350928,-111.8710607,1.0
40.56558559,-112.2964475,1.0
40.68213072,-111.9385497,1.0
40.7641401,-111.9053986,1.0
40.63294193,-111.8965966,1.0
40.70389426,-111.9866483,1.0
40.69435897,-111.9388977,1.0
40.58810263,-111.8721278,1.0
40.76380403,-111.8968119,1.0
41.05292451,-111.9715181,1.0
40.66769601,-111.9900488,1.0
41.2591815,-111.9696552,1.0
40.87110573,-111.8626369,1.0
40.62400919,-111.9482608,1.0
40.70932359,-111.8654559,1.0
40.69987512,-111.8854904,1.0
40.62065462,-111.8998779,1.0
40.6737666,-111.9388547,1.0
40.76823512,-111.8853661,1.0
40.69989216,-111.8654556,1.0
40.69738186,-111.8939963,1.0
40.28270081,-111.6675406,1.0
37.11165226,-113.5922849,1.0
41.52483952,-112.0154725,1.0
40.63857575,-111.9992647,1.0
40.097758,-111.69066,1.0
41.067414,-111.958746,1.0
41.824878,-111.293521,1.0
40.525019,-111.873643,1.0
41.26656754,-111.9777158,1.0
40.64960372,-111.8349321,1.0
41.15152852,-112.0260277,1.0
40.62396047,-111.9387635,1.0
40.86968493,-111.8771664,1.0
40.63852395,-111.8891218,1.0
41.20606934,-111.975572,1.0
40.74046947,-111.9517934,1.0
41.19531776,-111.9725229,1.0
40.04371867,-111.6846122,1.0
40.61496636,-111.8685847,1.0
41.21422286,-111.9594513,1.0
38.56866862,-109.548779,1.0
41.20727345,-111.9735828,1.0
41.08914415,-111.9971698,1.0
40.6979004,-112.024856,1.0
40.8539654,-111.9043466,1.0
37.16808077,-113.3007369,1.0
40.682074,-112.0206139,1.0
41.16166912,-112.0347895,1.0
40.64171546,-111.8775213,1.0
40.69080055,-111.8781708,1.0
41.16167843,-112.0308168,1.0
41.10352619,-112.0069025,3.0
41.0673135,-111.9778751,1.0
40.85608793,-111.9006854,1.0
40.23643219,-111.6621699,1.0
38.77229408,-112.0847966,1.0
39.9915986,-111.7636938,1.0
40.69986348,-111.8827036,1.0
40.65279737,-112.0040457,1.0
40.72541822,-111.8653303,1.0
41.23300487,-111.9435184,1.0
41.14715756,-112.03084,1.0
40.73253446,-111.8580078,1.0
40.78019924,-111.9393836,2.0
40.7169866,-111.9389822,1.0
40.62284928,-111.9577948,1.0
40.49466724,-111.8832958,1.0
40.62347187,-111.8555454,1.0
40.28969506,-111.6857454,1.0
40.70368744,-112.0893866,1.0
40.5442048,-111.9608776,1.0
40.65316472,-111.9389717,1.0
40.75195393,-111.8881952,1.0
40.69911989,-111.9735519,1.0
40.62608915,-112.0117226,1.0
40.65571814,-111.8942117,1.0
40.4821304,-111.877923,1.0
40.7254823,-111.8910874,1.0
40.75848963,-111.8653313,1.0
40.66298616,-111.5008482,1.0
37.13150167,-113.5065429,1.0
40.69979751,-111.8953217,1.0
40.68440655,-112.0247558,1.0
40.42043018,-111.8924128,1.0
40.65307975,-111.9816826,1.0
40.7629478,-111.8882306,1.0
41.22276033,-111.9704208,1.0
40.75195666,-111.8796494,1.0
40.53862569,-112.2954351,1.0
40.23367594,-111.6482671,1.0
40.35754214,-109.5016144,1.0
40.76935103,-111.8624529,1.0
40.60966128,-111.9769746,1.0
40.85749259,-111.8996129,1.0
40.75510182,-112.0441049,1.0
40.69649746,-112.0593201,1.0
40.64554951,-111.8349762,1.0
40.70374625,-112.0973493,1.0
41.16169597,-112.0266994,1.0
40.73350608,-111.8882073,1.0
40.62588232,-111.8900657,1.0
40.78238244,-111.9166248,1.0
41.11542374,-112.0260178,1.0
40.88415871,-111.892225,1.0
41.07271999,-111.9788732,1.0
40.54432321,-111.8817512,1.0
40.65299961,-111.9869035,1.0
41.16166725,-112.048318,1.0
40.25058177,-111.6620505,1.0
40.53946289,-112.2983911,1.0
37.10140383,-113.5684796,1.0
40.70551041,-111.871293,1.0
40.68208125,-112.0247426,1.0
40.60593376,-111.9102743,1.0
40.2826198,-111.7194823,1.0
40.64960539,-111.8684742,1.0
40.75195737,-111.8824939,1.0
41.10040572,-112.0068869,1.0
40.84178156,-111.9103004,1.0
40.70380879,-112.0248874,1.0
40.75116273,-111.876775,1.0
39.35571395,-112.5773713,1.0
40.74028541,-111.8996586,1.0
40.60488912,-111.957789,1.0
40.64980838,-111.5010308,1.0
41.1004848,-112.0068873,1.0
41.2484215,-111.952198,1.0
41.19972234,-111.9681339,1.0
40.72543323,-111.8825569,1.0
40.7586752,-111.8767779,1.0
40.66163592,-111.8933644,1.0
40.20504447,-111.6264332,1.0
40.53087841,-112.2985367,1.0
41.07272038,-111.9788736,1.0
39.04474464,-109.2735268,1.0
40.03048983,-111.732374,1.0
40.65419626,-111.9869086,1.0
40.68706552,-111.8828317,1.0
40.66763378,-111.9579632,1.0
40.72584219,-111.847805,1.0
41.22068706,-111.9731787,1.0
39.60010051,-110.8348596,1.0
40.29713098,-111.6958295,1.0
41.22470595,-111.9592113,1.0
40.7099026,-111.9169441,1.0
40.59990772,-112.4679759,1.0
40.55175896,-111.8967558,1.0
40.73350816,-111.8896367,1.0
40.76064915,-111.8968039,1.0
40.66601386,-111.9154104,1.0
40.62662396,-111.9292066,1.0
40.70446967,-112.0248904,1.0
40.76283359,-111.8767805,1.0
40.78238193,-111.9170182,1.0
40.69656843,-111.9389009,1.0
40.51439808,-112.0330371,1.0
40.68174838,-112.0199735,1.0
40.97973946,-111.9271393,1.0
40.5254309,-112.0237707,1.0
40.68211902,-111.9388809,6.0
37.67732751,-113.066919,1.0
37.67382445,-113.0617062,1.0
40.6501564,-111.9387821,1.0
41.06738029,-111.9500681,1.0
40.3513931,-111.7059373,1.0
41.08918564,-111.973439,1.0
40.65309884,-111.963921,1.0
41.08322265,-112.0280172,1.0
40.63840018,-111.9387682,1.0
41.13986198,-112.0584935,1.0
41.51736168,-112.0038722,1.0
40.70355389,-111.957966,1.0
40.75470802,-111.993791,1.0
40.70378685,-111.9389298,1.0
41.14872591,-112.0319202,1.0
40.61092157,-111.8967691,1.0
38.76817896,-112.0847731,1.0
40.73223161,-111.8191603,1.0
40.68709066,-111.8882494,1.0
40.76294658,-111.8653319,1.0
40.09928274,-111.6123563,1.0
41.18351863,-112.0323055,1.0
40.68707146,-111.8769867,1.0
40.65316978,-111.9386634,1.0
40.76140039,-111.8894728,1.0
40.67970862,-111.9388766,1.0
41.09491556,-111.9973004,1.0
41.60340355,-111.9583118,1.0
40.75374258,-111.9867512,1.0
40.68940974,-111.9484521,1.0
40.52509936,-111.8711756,1.0
41.22264892,-111.9623178,1.0
40.65308044,-111.9342408,1.0
41.19816954,-112.0258089,1.0
41.12039255,-112.0452609,1.0
40.51934107,-111.957712,1.0
40.76385175,-111.8910929,1.0
40.779652,-111.8715559,1.0
40.88282082,-111.8922193,1.0
41.10587031,-112.0287382,1.0
40.70820304,-111.9389376,1.0
40.69977469,-111.8939924,1.0
40.66693988,-111.8393332,1.0
37.67617416,-113.0600233,1.0
40.69662049,-111.9384893,1.0
37.67613079,-113.0635073,1.0
41.2269396,-111.9705815,1.0
40.68713567,-111.8450929,1.0
40.58064311,-111.8746816,1.0
40.38839904,-111.8289528,1.0
40.66752544,-111.977011,1.0
40.74528483,-112.1832649,1.0
40.5003403,-111.9472027,1.0
40.58799567,-111.9003811,1.0
40.65089389,-111.9367807,1.0
40.68455948,-111.9293521,1.0
41.12307583,-112.0260178,1.0
41.21228589,-111.9706617,1.0
40.68545599,-111.957984,1.0
41.12040318,-112.045261,1.0
41.04397198,-111.9496357,1.0
40.70070228,-111.9353556,1.0
40.69193278,-111.8273027,1.0
40.20877929,-111.6520281,1.0
40.65977121,-111.9014605,1.0
40.5623078,-111.9386428,1.0
40.62618819,-111.9387434,1.0
40.87912052,-111.8821565,1.0
41.16171493,-112.0260514,1.0
41.25926613,-111.9778822,1.0
41.08414062,-111.9734649,1.0
41.08916204,-112.0011714,1.0
40.70068526,-111.967545,1.0
40.59499842,-111.8721685,1.0
40.64045254,-111.8546157,1.0
40.31925207,-111.7046988,1.0
40.65506671,-112.4582109,1.0
41.75785,-111.850482,1.0
41.060386,-111.957943,1.0
41.194093,-111.981929,1.0
40.64131,-111.863419,1.0
41.182713,-111.954062,1.0
40.73316925,-111.9470613,1.0
40.69240555,-112.0343952,1.0
40.67430864,-111.8668021,1.0
40.75630225,-111.8939469,1.0
41.07875532,-112.0262022,1.0
41.20990901,-111.948474,1.0
37.08876522,-113.5570136,1.0
41.06161853,-111.9452963,1.0
40.65585441,-111.8929005,1.0
40.63056887,-112.2925553,1.0
40.65608009,-111.8755397,1.0
41.21225565,-111.9686298,1.0
40.76283521,-111.8710592,1.0
40.77153493,-111.9198802,1.0
40.77822492,-111.7300025,1.0
40.2296495,-111.6465244,1.0
40.64940071,-111.938777,1.0
40.75820195,-111.8853633,1.0
40.76061786,-111.939025,1.0
40.34982775,-111.7292027,1.0
41.08921732,-112.0227335,1.0
41.06363865,-111.9669947,1.0
40.65221044,-111.9340452,1.0
41.08532963,-112.0895374,1.0
40.77067056,-111.8397142,1.0
40.75195761,-111.8882146,1.0
41.07526137,-111.9741882,1.0
37.09506428,-113.5865535,1.0
40.69194267,-112.264958,1.0
37.04810937,-112.5307642,1.0
37.70245858,-113.0729788,1.0
40.49441578,-112.0317387,1.0
40.67591733,-111.957986,1.0
41.75844228,-111.7946311,2.0
37.10991032,-113.5596391,1.0
40.11249087,-111.6547736,1.0
40.10983076,-111.6547732,1.0
38.76694155,-112.0847731,1.0
37.84438723,-112.827658,1.0
37.10818578,-113.5683789,1.0
40.74678528,-111.8996614,1.0
40.7610935,-111.8996743,1.0
40.66137212,-111.9674367,1.0
40.68354214,-111.8244921,1.0
40.23373125,-111.6639373,1.0
40.24038396,-111.6604773,1.0
37.17653961,-113.2939544,1.0
41.11382807,-112.0257255,1.0
40.64937483,-111.8484194,1.0
40.39638568,-111.792357,1.0
40.69804138,-111.8882556,1.0
41.51677375,-112.0093082,1.0
40.24431406,-111.6516486,1.0
40.32632882,-111.7250544,1.0
41.24201015,-111.9454772,1.0
40.88423251,-111.8922242,1.0
40.77596985,-111.8911059,1.0
40.62106129,-111.8789189,1.0
40.75195669,-111.8796279,1.0
37.68828695,-113.0787527,1.0
40.38565268,-111.8452443,1.0
41.24208994,-111.9456335,1.0
40.60951454,-111.9391958,1.0
41.65819977,-112.2961109,1.0
41.22538461,-111.9714009,1.0
40.15403065,-111.6569916,1.0
40.6869523,-111.8540899,1.0
40.51153683,-111.8532713,1.0
41.98743313,-112.1946791,1.0
40.72541421,-111.8567428,1.0
40.77055097,-111.8882252,1.0
40.76717063,-111.9040574,1.0
40.68845032,-112.0630784,1.0
40.31863844,-111.7044211,1.0
41.20813809,-111.9707415,1.0
40.77154823,-111.8942893,1.0
40.56221043,-111.9290995,1.0
40.36653021,-111.7892303,1.0
40.76280847,-111.905407,1.0
40.69658181,-112.0026436,1.0
40.70798375,-111.8882555,1.0
41.4959252,-112.0128694,1.0
40.70390214,-111.9717643,1.0
40.22969079,-111.6586871,1.0
40.3873014,-111.7852592,1.0
40.91306424,-111.8723431,1.0
40.32643628,-111.715432,1.0
41.19052211,-111.9643919,1.0
41.10350406,-112.015287,1.0
40.5999282,-112.4707035,1.0
40.62071919,-111.8721278,1.0
40.58806166,-111.8908992,1.0
37.17649768,-113.3005836,1.0
40.68113255,-111.9388997,1.0
41.07419087,-111.9582293,1.0
41.16171447,-112.0260584,1.0
40.68707023,-111.871369,1.0
40.76064793,-111.8939612,1.0
40.68207279,-112.0258324,2.0
40.02908962,-111.7483412,1.0
40.55792615,-111.8624575,1.0
40.7613176,-111.8581681,1.0
40.76065589,-111.8824953,1.0
40.65197442,-111.910275,1.0
40.44221919,-111.7841856,1.0
40.76934954,-111.8996742,1.0
40.68701637,-111.9111862,2.0
41.70294465,-111.8690174,1.0
41.74657538,-111.8395266,1.0
40.5587724,-111.853113,1.0
37.4016883,-113.2396254,1.0
40.69989296,-111.8997342,1.0
40.69977647,-111.9012203,1.0
40.2404996,-111.6465591,1.0
40.59661045,-111.9673748,1.0
40.66731001,-111.8482577,1.0
40.33040086,-111.7382228,1.0
41.10351991,-111.9972682,1.0
40.53837291,-112.0291128,1.0
40.63856502,-111.944663,1.0
40.64470194,-111.9102108,1.0
40.54429511,-111.898653,1.0
40.55011365,-111.8959705,1.0
37.68084935,-113.0747641,1.0
37.12407396,-113.5321812,1.0
40.35523003,-111.7404918,1.0
41.10359326,-112.0156803,1.0
41.11188374,-112.0541309,1.0
40.60040737,-111.896141,1.0
40.54055204,-112.2983711,1.0
40.6560944,-111.8850671,1.0
40.76065588,-111.8825029,1.0
40.7693492,-111.8882415,1.0
41.10008,-112.006885,1.0
40.68707594,-111.8329381,1.0
40.74987475,-111.8882179,1.0
40.65373149,-111.9102884,1.0
40.37975073,-111.8572875,1.0
40.66754934,-111.977015,1.0
40.58772519,-111.910197,1.0
40.67428287,-111.8483571,1.0
40.58758602,-111.9577804,1.0
41.21022211,-111.9484678,1.0
40.23384589,-111.7069507,1.0
41.24425798,-111.9782284,1.0
40.76284396,-111.8910926,1.0
40.70003847,-111.8911255,1.0
41.71202651,-112.1660614,1.0
40.69658978,-111.9807705,3.0
40.03138728,-111.7537209,1.0
40.23371458,-111.6573895,1.0
40.7703751,-111.902534,1.0
37.18248831,-113.3038237,1.0
40.66924098,-111.9388811,1.0
40.75632551,-111.8624747,1.0
40.71916388,-112.0528663,1.0
40.16661773,-111.6106278,1.0
40.56554049,-111.8533723,1.0
40.76716812,-111.8853674,1.0
41.22102642,-111.9788624,1.0
40.68215533,-111.9579919,1.0
40.37904945,-111.7985577,1.0
41.06914828,-112.0454063,1.0
40.62872174,-111.8639874,1.0
40.74978381,-111.8710584,1.0
41.43993085,-112.0577856,1.0
41.24220361,-111.9458453,1.0
40.53598681,-112.0257292,1.0
40.59041972,-111.8908624,1.0
41.92276018,-111.8180685,1.0
40.23102134,-111.6622323,1.0
40.23376378,-111.6718568,1.0
41.71117832,-112.1887942,1.0
37.17649558,-113.3024798,1.0
40.43155363,-111.8867168,1.0
40.62082882,-111.8905693,1.0
40.69987027,-111.8854149,1.0
40.37620781,-111.8864849,1.0
41.19966514,-111.9487132,1.0
40.57326905,-111.8721748,1.0
41.08765231,-111.9755939,1.0
40.03425579,-111.7338991,1.0
40.60955557,-111.8907756,1.0
37.09969891,-113.5791191,1.0
40.63526046,-111.957816,1.0
40.76282821,-111.8767805,1.0
40.75849389,-111.8595986,1.0
40.56970482,-111.9044305,1.0
40.7847519,-111.9393682,1.0
37.10991929,-113.5896981,1.0
40.74161226,-111.8910735,1.0
40.21198183,-111.6705062,1.0
40.75847773,-111.8939501,1.0
39.69407229,-110.8636641,1.0
40.96593,-111.899583,1.0
37.1388468,-113.509561,1.0
41.163902,-112.106785,1.0
40.537036,-112.299758,1.0
40.296116,-110.554774,1.0
40.52441,-111.889424,1.0
40.70176218,-111.8910378,1.0
40.68455626,-111.9293651,1.0
40.66554714,-111.8882976,1.0
40.61304499,-111.8241095,1.0
40.59987371,-112.464871,1.0
40.24302316,-111.6586317,3.0
40.76293819,-111.8739181,1.0
40.69978553,-111.8910486,1.0
40.43567649,-111.9049094,1.0
40.59497466,-112.0241572,1.0
40.24307989,-111.6431301,1.0
40.23365472,-111.6439998,1.0
41.08914996,-112.0452947,1.0
40.24649906,-111.6620868,1.0
40.72479382,-111.9388717,1.0
40.72541768,-111.8653319,1.0
40.43119522,-111.8957904,1.0
40.70015911,-111.9961989,1.0
40.6870027,-111.8910084,1.0
40.68699693,-111.888251,1.0
40.68090268,-111.9606032,1.0
40.65201338,-112.0032609,1.0
40.52789199,-111.9387085,1.0
40.75846879,-111.9048857,1.0
40.77123563,-111.8882225,1.0
40.70147894,-111.8705572,1.0
40.55712347,-112.2996128,1.0
40.68218207,-111.9388818,1.0
41.11092047,-112.0162696,1.0
40.58878755,-111.9577931,1.0
40.67460985,-111.8882877,1.0
40.60414253,-111.9672654,1.0
40.65199369,-111.9964287,1.0
40.85636047,-111.3870726,1.0
39.60100591,-110.8075115,1.0
40.69443595,-111.9619363,1.0
40.64290397,-111.8888843,1.0
40.07205046,-111.7321342,1.0
39.96783457,-111.7956614,1.0
40.89667128,-111.8877467,1.0
38.98976019,-110.1911162,1.0
40.23376252,-111.6710142,1.0
40.62060142,-111.8961387,1.0
40.67046751,-111.9579435,1.0
38.41175008,-109.4442763,1.0
40.51083661,-111.879544,1.0
40.66524646,-111.9388217,1.0
40.70390422,-111.9771107,1.0
40.58044491,-111.8529669,1.0
37.68528503,-113.0739311,1.0
40.70388882,-111.9798651,1.0
40.69595143,-111.8882515,1.0
40.04364465,-111.7426348,1.0
40.6966327,-111.9770829,1.0
41.7245279,-112.1621661,1.0
40.35017092,-111.5882788,1.0
40.69662266,-111.9388951,2.0
40.66723556,-111.9982649,1.0
41.09091256,-112.00287,1.0
37.70104305,-113.0654905,1.0
40.91529126,-111.8855432,1.0
40.77011993,-111.8996776,1.0
41.16167921,-112.0306268,1.0
40.68208246,-112.0247439,4.0
40.75889487,-111.8824979,1.0
41.09474013,-111.9412429,1.0
40.74445974,-111.9301474,1.0
40.38781566,-111.852238,1.0
40.92152208,-111.8878111,1.0
40.27509171,-111.6853084,2.0
40.77351445,-112.0082697,1.0
40.67433062,-111.888284,2.0
40.86615989,-111.8791194,1.0
40.06060463,-110.5202989,1.0
40.72584278,-111.8476671,1.0
40.69416972,-112.0917999,1.0
40.73677833,-111.888214,1.0
40.23640078,-111.6622042,1.0
40.70390422,-111.9771067,1.0
40.6999185,-111.8507347,1.0
37.66654339,-113.0667322,1.0
41.19064618,-112.0379335,1.0
40.28911986,-111.8837464,1.0
41.74284332,-111.8192049,1.0
40.6789127,-111.8946715,1.0
40.30815355,-111.6889239,1.0
40.77153401,-111.9236339,1.0
40.69655821,-112.0248473,2.0
40.32661293,-111.6868507,1.0
40.59632349,-111.8817205,1.0
40.16517454,-111.6069315,1.0
40.33370028,-111.7172742,1.0
40.73317598,-111.9389677,1.0
40.69665491,-111.957995,1.0
40.25720321,-111.661812,1.0
41.36600534,-112.0428388,1.0
41.71554151,-111.8425723,1.0
40.90997779,-111.8915004,1.0
40.5079749,-112.0244494,1.0
40.65304268,-112.0170836,1.0
40.71265027,-111.8768594,1.0
40.7606453,-111.8992535,1.0
40.68213115,-111.9484188,1.0
40.72543383,-111.8939849,1.0
40.62070299,-111.8721179,1.0
41.51286268,-112.015524,1.0
40.7628537,-111.9025449,1.0
40.75413483,-111.8796353,1.0
40.59973052,-112.445588,1.0
40.23371711,-111.6569429,1.0
41.11807425,-112.0452508,1.0
40.75195666,-111.8796437,1.0
40.04454564,-111.7322735,1.0
40.45559637,-109.5382905,1.0
40.69987258,-111.8798279,1.0
40.76065903,-111.8739193,1.0
40.76935191,-111.8796538,1.0
40.36395377,-111.7388267,1.0
40.388849,-111.430032,1.0
40.61870066,-111.8906277,1.0
41.12371372,-112.0426508,1.0
40.48674544,-112.0209368,1.0
40.7254186,-111.8640189,1.0
40.3557728,-111.7249103,1.0
40.76282595,-111.9011117,1.0
41.18355083,-112.0152098,1.0
40.69649494,-112.0918437,1.0
40.72541778,-111.8653303,1.0
40.36117256,-111.7359705,1.0
40.72326808,-111.8536533,1.0
40.10778039,-111.6390832,1.0
40.76934603,-111.8910941,1.0
40.72543477,-111.8910897,1.0
40.23791872,-111.658655,1.0
40.76499912,-111.8951478,1.0
40.69989329,-111.8597342,1.0
40.62371652,-111.9792218,1.0
40.70177999,-112.0746853,1.0
40.6966074,-111.9866401,1.0
40.66024612,-111.938823,1.0
41.71088655,-112.20216,1.0
41.21236306,-111.9762811,1.0
41.10356028,-112.0153344,3.0
40.66610641,-111.8431607,1.0
41.75757204,-111.8344107,1.0
40.65639533,-112.0059048,1.0
40.69988792,-111.8769286,1.0
41.17247739,-111.9765838,1.0
40.69988977,-111.8632639,1.0
40.72183676,-111.9771703,1.0
41.24764658,-111.9547411,1.0
41.19790361,-111.9793935,1.0
41.14714942,-112.035339,1.0
40.5076279,-111.4116884,1.0
40.69294045,-111.9579895,1.0
40.75630859,-111.8882216,1.0
40.61188971,-111.9674046,1.0
40.68618479,-112.2680706,1.0
41.71174795,-112.1660516,1.0
40.67433331,-111.9234276,1.0
40.69665985,-111.9365785,1.0
40.6531657,-111.9392097,1.0
40.49754287,-112.0244323,1.0
40.70389423,-111.9866698,1.0
40.61794651,-111.8721689,1.0
40.03416326,-111.7339091,1.0
40.70543638,-111.967562,1.0
40.69294245,-111.9579895,1.0
40.6990611,-111.8827127,1.0
40.63000422,-111.861645,1.0
40.90657045,-111.872377,1.0
41.71175904,-112.1656839,1.0
41.68024149,-111.8574981,1.0
41.2349001,-111.9729795,1.0
40.69694242,-112.0248472,1.0
40.76499308,-111.9073807,1.0
40.78238175,-111.9135575,1.0
40.62403969,-111.951332,1.0
40.55157029,-111.8815074,1.0
40.57760499,-112.005169,1.0
41.74085183,-111.8295424,1.0
40.51422168,-111.4141738,1.0
40.58771894,-111.9482417,1.0
40.22967842,-111.6551752,1.0
40.68207087,-111.9920361,1.0
40.61497937,-111.8685688,1.0
40.76717841,-111.8682054,1.0
37.07704577,-113.5886022,1.0
40.62404069,-111.9618708,1.0
40.68701298,-111.909434,1.0
40.72543855,-111.8854055,1.0
40.65299301,-111.9869128,1.0
40.69873811,-111.9835765,1.0
39.59959569,-110.8112589,1.0
40.24169251,-111.6480426,1.0
41.23096899,-111.9590667,1.0
40.78250759,-111.9452405,1.0
40.28861214,-111.7397599,1.0
40.72638612,-111.8818111,1.0
41.19166,-111.967345,1.0
41.24713,-112.006621,1.0
40.640211,-111.841907,1.0
40.566353,-112.29708,1.0
40.545511,-111.418404,1.0
41.161255,-112.065193,1.0
40.59958,-112.425139,1.0
40.536843,-112.299516,1.0
41.038241,-111.950601,1.0
40.85402592,-111.9349041,1.0
40.65277086,-112.0060561,1.0
40.65307474,-111.976963,1.0
41.25918144,-111.9696505,1.0
40.62071918,-111.8721188,1.0
40.64978031,-111.8885261,1.0
40.45537567,-109.5710289,1.0
40.2283826,-111.6587015,2.0
40.88427472,-111.8784232,1.0
41.21010022,-111.9629066,1.0
41.19064314,-112.0397551,1.0
41.73836941,-111.834765,1.0
41.26961752,-111.9694429,1.0
40.62073596,-111.9025293,1.0
41.7409147,-111.8320485,1.0
40.60433654,-111.9577905,1.0
40.53854408,-112.2984127,1.0
40.49212222,-112.0167167,1.0
38.77561543,-112.0954793,1.0
41.75844228,-111.7946311,2.0
40.36070677,-111.9692563,1.0
40.76140742,-111.888222,1.0
40.23513752,-111.662223,1.0
41.16530926,-112.0263695,1.0
40.92149621,-111.8995664,1.0
37.26159747,-113.634848,1.0
40.6821196,-111.9388099,1.0
41.71170057,-112.1675413,1.0
37.68090637,-113.0618103,1.0
41.10353441,-112.0007481,1.0
40.65277024,-112.006127,1.0
40.75193255,-111.9172542,1.0
40.6868854,-111.8540837,1.0
40.69656164,-112.0152839,1.0
41.08921396,-112.0261506,2.0
40.59358056,-112.0147147,1.0
40.56970703,-111.9044365,1.0
40.79764286,-109.4630233,1.0
40.6843435,-112.0247548,1.0
37.10643015,-113.5621436,1.0
40.62018357,-111.8660245,1.0
40.7383523,-111.8910703,1.0
40.62176357,-111.8152313,1.0
37.3190539,-113.6825614,1.0
40.58070349,-111.8817138,1.0
41.26059607,-111.9508634,1.0
41.24308552,-111.9475061,1.0
41.20823093,-111.9794013,1.0
41.20601182,-111.9707935,2.0
40.66028272,-111.938823,1.0
40.78534308,-111.9805419,1.0
40.60910249,-111.9279525,1.0
40.70467118,-111.8890272,1.0
40.74977789,-111.8853594,1.0
40.72541825,-111.8710959,1.0
40.69982507,-111.8882556,2.0
40.55328518,-111.9938031,1.0
40.73978722,-111.8882067,1.0
40.92151799,-111.8856847,1.0
41.2291358,-111.9792945,1.0
40.69649432,-112.0860264,1.0
40.24112665,-111.6369109,1.0
40.38693542,-111.8220069,1.0
40.58998527,-111.8341061,1.0
40.70226755,-111.8654745,1.0
40.74025778,-112.0249019,1.0
40.7541151,-111.8882198,1.0
40.76066087,-111.8739122,1.0
40.59986423,-112.4638391,1.0
40.49718932,-111.9862417,1.0
40.54420376,-111.9577482,1.0
40.57327247,-111.8725918,1.0
40.69292748,-111.9655689,1.0
41.21458626,-111.9706166,1.0
40.59500683,-111.9387615,1.0
40.69637181,-111.9518953,1.0
40.92558002,-111.8910936,1.0
41.6868135,-111.8235002,1.0
41.22072555,-111.9760871,1.0
40.68359336,-111.8882554,1.0
40.69992266,-111.8399015,1.0
41.06724333,-111.9730926,1.0
40.61543611,-111.8906978,1.0
40.76071375,-111.8882246,1.0
40.66700469,-111.8861223,1.0
40.42090745,-111.7901698,1.0
40.61783382,-111.872171,1.0
40.59381769,-111.8858361,1.0
40.74161229,-111.8882133,1.0
40.04540937,-111.7107309,1.0
40.76608653,-111.9025319,1.0
41.03827603,-111.9568271,1.0
40.53007029,-111.9103189,1.0
40.67432423,-111.9140072,1.0
40.67376353,-111.9388547,1.0
40.69554234,-112.0248386,1.0
41.21834313,-111.9705276,1.0
40.69662497,-111.9735392,1.0
40.73377483,-111.9389685,1.0
37.1082377,-113.5920208,1.0
40.64902845,-111.8834635,1.0
40.66639,-111.8392717,1.0
40.63131312,-111.8902381,1.0
40.54432417,-111.8797863,1.0
40.59227372,-111.9578281,1.0
37.11540639,-113.611021,1.0
40.66415991,-111.9267593,1.0
37.57355119,-113.7167903,1.0
37.10313042,-113.5833296,1.0
40.68212561,-111.9675416,1.0
41.24363205,-111.9782711,1.0
40.68203448,-112.0439026,1.0
40.1226856,-111.154207,1.0
40.5446125,-111.8953214,1.0
40.69653139,-112.0439276,1.0
37.04889176,-113.6102254,1.0
40.69660182,-111.9903419,1.0
40.58776421,-111.9291868,1.0
40.69941703,-111.9169474,1.0
40.55878551,-111.8729129,1.0
40.76717534,-111.8867307,1.0
40.77141065,-111.9238726,1.0
41.75777204,-111.8440406,1.0
40.70645032,-111.8882594,1.0
40.62511629,-111.9153019,1.0
40.69648645,-112.0820968,1.0
40.59533205,-112.4588131,1.0
40.67588357,-111.8714253,1.0
40.60957353,-111.8645848,1.0
41.73349666,-111.8349153,1.0
40.25186463,-111.6682089,1.0
40.7257093,-111.8596051,1.0
37.1246817,-113.6237979,1.0
40.69941696,-111.9169276,1.0
40.66725679,-112.0030071,1.0
40.72663827,-111.863891,1.0
40.04450199,-111.7214466,1.0
40.7254186,-111.8640175,1.0
40.76500288,-111.8865956,1.0
40.72542081,-111.8653303,1.0
40.58059319,-111.8884035,1.0
40.78474735,-111.9435989,1.0
40.65278457,-111.9917288,1.0
40.74303968,-112.6326189,1.0
40.64938686,-111.9360959,1.0
40.76281657,-111.8882255,1.0
40.73377595,-111.9389685,1.0
37.10642938,-113.5620971,1.0
40.74027956,-111.8996586,1.0
40.76973592,-111.9111534,1.0
40.77141677,-111.9225362,1.0
41.03149839,-111.9477303,1.0
40.77574801,-111.9011643,1.0
37.16539404,-113.3007593,1.0
40.48240917,-111.9200804,1.0
41.09526082,-112.0071276,1.0
40.65297003,-111.9869037,1.0
40.91771752,-111.8789436,1.0
40.73041608,-111.8710719,1.0
40.77151682,-111.9470268,1.0
40.53709261,-111.8710935,1.0
40.62062701,-111.8721193,1.0
40.6998701,-111.8709108,1.0
37.10130845,-113.5664177,1.0
41.10355789,-112.0153353,1.0
40.62803091,-111.8898644,1.0
40.73829166,-111.8910702,1.0
40.98048196,-111.8875541,1.0
40.7254197,-111.8681147,1.0
40.72574069,-111.8538431,1.0
39.97401294,-111.7914114,1.0
40.68683687,-111.938887,1.0
41.73706302,-111.832197,1.0
40.297131,-111.6980538,1.0
40.64985283,-112.0055793,1.0
40.86010906,-111.87725,1.0
40.70391994,-111.9579741,1.0
37.71239242,-113.0643352,1.0
40.60948521,-111.9633871,1.0
41.26661349,-111.9695168,1.0
41.25226021,-111.9479498,1.0
40.7759425,-111.888177,1.0
41.72772544,-111.8350736,1.0
40.39493131,-111.7958058,1.0
40.88427472,-111.8784284,1.0
40.72280993,-111.8613537,1.0
40.5222955,-111.957741,1.0
40.77163369,-111.9378359,1.0
41.22073394,-111.9760868,1.0
40.37589893,-111.7242203,1.0
41.73715121,-111.8348135,1.0
40.69666102,-111.9579942,1.0
37.11039333,-113.5621102,1.0
40.68706434,-111.8829856,1.0
40.68965643,-112.0439162,1.0
40.38309314,-111.8064034,1.0
40.89232427,-111.8723966,1.0
40.23648526,-111.6782562,1.0
41.20343029,-111.979266,1.0
38.394043,-109.452983,1.0
37.122631,-113.522526,1.0
41.012351,-111.917646,1.0
37.109542,-113.592134,1.0
40.644367,-111.93663,1.0
41.340744,-112.036914,1.0
